6712	Spinocerebellar_ataxia_5,SPINOCEREBELLAR_ATAXIA_AUTOSOMAL_RECESSIVE_14
71	Baraitser-Winter_Syndrome_2,Deafness_autosomal_dominant_20
3074	Sandhoff_disease_chronic,Sandhoff_disease_juvenile_type,Sandhoff_disease_infantile,Sandhoff_disease_adult_type
2266	Thrombophilia_dysfibrinogenemic
158830	X-linked_severe_combined_immunodeficiency,Combined_immunodeficiency_X-linked
6535	Creatine_deficiency_X-linked
9997	Cardioencephalomyopathy_fatal_infantile_due_to_cytochrome_c_oxidase_deficiency,Myopia_6
1785	Severe_X-linked_myotubular_myopathy,Myopathy_centronuclear_1,Charcot-Marie-Tooth_disease_type_2M,Charcot-Marie-Tooth_disease_dominant_intermediate_b_with_neutropenia
8419	Cataract_autosomal_dominant_multiple_types_1
5345	Anti-plasmin_deficiency_congenital
9333	Peeling_skin_syndrome_acral_type
4893	Juvenile_myelomonocytic_leukemia,Noonan's_syndrome,Noonan_syndrome_6,AUTOIMMUNE_LYMPHOPROLIFERATIVE_SYNDROME_TYPE_IV,Non-small_cell_lung_cancer
7704	Skeletal_defects_genital_hypoplasia_and_mental_retardation
1969	CATARACT_6_AGE-RELATED_CORTICAL,Cataract_6
58	Myopathy_actin_congenital_with_cores,Nemaline_myopathy_3,Congenital_myopathy_with_fiber_type_disproportion,Myopathy_actin_congenital_with_excess_of_thin_myofilaments
64127	Sarcoidosis_early-onset,Blau_syndrome
22995	Microcephaly_9_primary_autosomal_recessive,Seckel_syndrome_5
825	Myositis_eosinophilic,Limb-girdle_muscular_dystrophy_type_2A,Muscular_dystrophy_limb-girdle_type_2a_amish
286749	Gonadotropin-independent_familial_sexual_precocity,LEYDIG_HYPOPLASIA_TYPE_I,Leydig_cell_hypoplasia_partial,Leydig_cell_agenesis,Luteinizing_hormone_resistance_female
51151	Skin/hair/eye_pigmentation_variation_in_5,Oculocutaneous_albinism_type_4
4519	Juvenile_myopathy_encephalopathy_lactic_acidosis_AND_stroke,Exercise_intolerance,Myoclonus_with_epilepsy_with_ragged_red_fibers,Multisystem_disorder,Familial_colorectal_cancer,Leber_hereditary_optic_neuropathy_with_dystonia,Leigh_syndrome_due_to_mitochondrial_complex_I_deficiency,Striatal_necrosis_bilateral_with_dystonia,Parkinsonism/MELAS_overlap_syndrome,Exercise_intolerance_cardiomyopathy_and_septooptic_dysplasia,Leber's_optic_atrophy,Parkinson_disease_6_modifier_of,Infantile_histiocytoid_cardiomyopathy,Mitochondrial_encephalomyopathy
4018	LIPOPROTEIN(a)_DEFICIENCY_CONGENITAL
84623	Mental_retardation_autosomal_dominant_4
1135	Epilepsy_nocturnal_frontal_lobe_type_4
4261	Bare_lymphocyte_syndrome_type_2_complementation_group_A
486	Hypomagnesemia_2_renal
8671	Renal_tubular_acidosis_proximal_with_ocular_abnormalities_and_mental_retardation
9440	Microcephaly_postnatal_progressive_with_seizures_and_brain_atrophy
5309	Cataract_congenital
5310	Polycystic_kidney_disease_adult_type
6444	Muscular_dystrophy_limb-girdle_type_2f_digenic,Dilated_cardiomyopathy_1L,Limb-girdle_muscular_dystrophy_type_2F
4094	Cataract_pulverulent_juvenile-onset
1767	Ciliary_dyskinesia_primary_3
6855	Mental_retardation_X-linked_96
7466	Wolfram-like_syndrome_autosomal_dominant,Diabetes_mellitus_AND_insipidus_with_optic_atrophy_AND_deafness,WFS1-Related_Disorders
4137	Progressive_supranuclear_ophthalmoplegia,Frontotemporal_dementia,Supranuclear_palsy_progressive_1_atypical,Pick's_disease
2710	Glycerol_kinase_deficiency_isolated,Deficiency_of_glycerol_kinase
80736	Sialidosis_type_II
875	Homocystinuria_pyridoxine-nonresponsive,HYPERHOMOCYSTEINEMIA_THROMBOTIC_CBS-RELATED,Homocystinuria_pyridoxine-responsive
2937	Gluthathione_synthetase_deficiency,Glutathione_synthetase_deficiency_of_erythrocytes_hemolytic_anemia_due_to
10075	Mental_retardation_X-linked_syndromic_turner_type
2690	Laron_syndrome_with_undetectable_serum_GH-binding_protein,Laron-type_isolated_somatotropin_defect,Short_stature_idiopathic_autosomal
136371	Glaucoma_1_open_angle_F
26525	Pustular_psoriasis_generalized
2034	Erythrocytosis_familial_4
9197	Spastic_paraplegia_42_autosomal_dominant
4552	Homocystinuria-Megaloblastic_anemia_due_to_defect_in_cobalamin_metabolism_cblE_complementation_type
6821	Sulfite_oxidase_deficiency_isolated
221294	Metaphyseal_chondrodysplasia_Schmid_type
170692	MICROCORNEA_MYOPIC_CHORIORETINAL_ATROPHY_AND_TELECANTHUS
6440	Surfactant_metabolism_dysfunction_pulmonary_2
6010	Retinitis_punctata_albescens,RETINITIS_PIGMENTOSA_4_AUTOSOMAL_RECESSIVE,Retinitis_pigmentosa_4,Congenital_stationary_night_blindness_autosomal_dominant_1
23479	Myopathy_with_lactic_acidosis_hereditary
6563	Jk-null_variant_finnish_type
256126	Glutaric_aciduria_type_1
2316	Heterotopia_periventricular_Ehlers-Danlos_variant,FG_syndrome_2,Intestinal_pseudoobstruction_neuronal_chronic_idiopathic_X-linked,Otopalatodigital_spectrum_disorder,Frontometaphyseal_dysplasia,X-linked_periventricular_heterotopia,Melnick-Needles_syndrome,Cardiac_valvular_dysplasia_X-linked,Oto-palato-digital_syndrome_type_II,Oto-palato-digital_syndrome_type_I
2218	Dilated_cardiomyopathy_1X,Congenital_muscular_dystrophy-dystroglycanopathy_with_brain_and_eye_anomalies_type_A4,Congenital_muscular_dystrophy-dystroglycanopathy_without_mental_retardation_type_B4,Limb-girdle_muscular_dystrophy-dystroglycanopathy_type_C4
6555	Bile_acid_malabsorption_primary
3251	Lesch-Nyhan_syndrome,Lesch-nyhan_syndrome_neurologic_variant,Partial_hypoxanthine-guanine_phosphoribosyltransferase_deficiency
1414	Cataract_congenital_nuclear_autosomal_recessive_3
8462	Maturity-onset_diabetes_of_the_young_type_7
10083	Deafness_autosomal_recessive_18,Usher_syndrome_type_1C
860	Cleidocranial_dysplasia_forme_fruste_dental_anomalies_only,Cleidocranial_dysostosis
100874048	Mitochondrial_DNA-depletion_syndrome_3_hepatocerebral
200879	Woolly_hair_autosomal_recessive_2_with_or_without_hypotrichosis
2158	Hereditary_factor_IX_deficiency_disease,Thrombophilia_X-linked_due_to_factor_IX_defect,HEMOPHILIA_B(M)
710	Hereditary_angioneurotic_edema,Hereditary_angioedema_type_II,Complement_component_4_partial_deficiency_of_due_to_dysfunctional_c1_inhibitor
7507	Xeroderma_pigmentosum_type_1
1834	Dentinogenesis_imperfecta_-_Shield's_type_III,Deafness_autosomal_dominant_nonsyndromic_sensorineural_39_with_dentinogenesis_imperfecta_1,Denticles,Dentinogenesis_imperfecta_-_Shield's_type_II
9217	Amyotrophic_lateral_sclerosis_typical,Amyotrophic_lateral_sclerosis_type_8,Spinal_muscular_atrophy_late-onset_finkel_type
4625	Primary_familial_hypertrophic_cardiomyopathy,Laing_distal_myopathy,Scapuloperoneal_myopathy_MYH7-related,Dilated_cardiomyopathy_1S,Myopathy_myosin_storage,Familial_hypertrophic_cardiomyopathy_1,Left_ventricular_noncompaction_5
212	Anemia_hereditary_sideroblastic_pyridoxine_refractory,Anemia_hereditary_sideroblastic_late-onset,Hereditary_sideroblastic_anemia,Protoporphyria_erythropoietic_X-linked
57716	Autosomal_recessive_Dejerine-Sottas_syndrome,Dejerine-Sottas_disease,Charcot-Marie-Tooth_disease_type_IVF
10856	Hypogonadism_male,Infertility_male_and_female
146059	Congenital_dyserythropoietic_anemia_type_I,ANEMIA_CONGENITAL_DYSERYTHROPOIETIC_TYPE_I
2099	Estrogen_receptor_mutant_temperature-sensitive,Estrogen_resistance
5745	Metaphyseal_chondrodysplasia_Jansen_type,Eiken_syndrome,Chondrodysplasia_Blomstrand_type,Failure_of_tooth_eruption_primary
64446	Ciliary_dyskinesia_primary_9
6513	Glut1_deficiency_syndrome_1_autosomal_recessive,Glucose_transporter_type_1_deficiency_syndrome,Dystonia_18,Choreoathetosis/spasticity_episodic
7299	Skin/hair/eye_pigmentation_3_blue/green_eyes,Oca1-ts,Oculocutaneous_albinism_type_1A,Skin/hair/eye_pigmentation_variation_in_3,WAARDENBURG_SYNDROME_2_AND_OCULAR_ALBINISM_DIGENIC,Oculocutaneous_albinism_type_1B
6813	Hemophagocytic_lymphohistiocytosis_familial_5
359	Nephrogenic_diabetes_insipidus,Diabetes_insipidus_nephrogenic_autosomal_recessive,Diabetes_insipidus_nephrogenic_autosomal_dominant
100313843	Nail_disorder_nonsyndromic_congenital_8,Recessive_dystrophic_epidermolysis_bullosa,Epidermolysis_bullosa_pretibial_autosomal_recessive
23435	FRONTOTEMPORAL_DEMENTIA_WITH_TDP43_INCLUSIONS_TARDBP-RELATED,Amyotrophic_lateral_sclerosis_type_10
477	Alternating_hemiplegia_of_childhood,Migraine_familial_basilar,Familial_hemiplegic_migraine_type_2
55084	Mental_retardation_anterior_maxillary_protrusion_and_strabismus
2623	Dyserythropoietic_anemia_with_thrombocytopenia,Thrombocytopenia_platelet_dysfunction_hemolysis_and_imbalanced_globin_synthesis,THROMBOCYTOPENIA_X-LINKED_WITHOUT_DYSERYTHROPOIETIC_ANEMIA
25978	Amyotrophic_lateral_sclerosis_17,Frontotemporal_Dementia_Chromosome_3-Linked
100533467	Xeroderma_pigmentosum_group_G,Xeroderma_pigmentosum_group_g/Cockayne_syndrome
26353	Charcot-Marie-Tooth_disease_type_2L,Distal_hereditary_motor_neuronopathy_type_2A
494513	Deafness_autosomal_recessive_59
128866	Cataract_posterior_polar_3
3082	Deafness_autosomal_recessive_39
23345	Spinocerebellar_ataxia_autosomal_recessive_8
7054	Segawa_syndrome_autosomal_recessive
345895	Ciliary_dyskinesia_primary_11
65018	Parkinson_disease_6_autosomal_recessive_early-onset,Parkinson_disease_autosomal_recessive_early-onset_digenic_PINK1/DJ1
659	Pulmonary_hypertension_primary_dexfenfluramine-associated,Pulmonary_hypertension_primary_fenfluramine-associated,Primary_pulmonary_hypertension,Pulmonary_hypertension_primary_1_with_hereditary_hemorrhagic_telangiectasia,Pulmonary_veno-occlusive_disease
1141	Epilepsy_nocturnal_frontal_lobe_type_3
353	Aprt_deficiency_japanese_type,Aprt_deficiency,Deficiency_of_AMP_pyrophorylase
100130311	Myasthenic_syndrome_congenital_associated_with_acetylcholine_receptor_deficiency,Myasthenic_syndrome_congenital_fast-channel,Myasthenic_syndrome_slow-channel_congenital
6335	Febrile_seizures_familial_3b,Indifference_to_pain_congenital_autosomal_recessive,Generalized_epilepsy_with_febrile_seizures_plus_type_7,Paroxysmal_extreme_pain_disorder,Small_fiber_neuropathy,Primary_erythromelalgia
6663	Waardenburg_syndrome_type_2E_without_neurologic_involvement,Waardenburg_syndrome_type_4C,Waardenburg_syndrome_type_2E_with_neurologic_involvement,Peripheral_demyelinating_neuropathy_central_dysmyelination_waardenburg_syndrome_and_hirschsprung_disease
1294	Nail_disorder_nonsyndromic_congenital_8,Generalized_dominant_dystrophic_epidermolysis_bullosa,Epidermolysis_bullosa_pruriginosa_autosomal_dominant,Dominant_dystrophic_epidermolysis_bullosa_with_absence_of_skin,Transient_bullous_dermolysis_of_the_newborn,Pretibial_epidermolysis_bullosa,Epidermolysis_bullosa_dystrophica_inversa_autosomal_recessive,Recessive_dystrophic_epidermolysis_bullosa,Epidermolysis_bullosa_dystrophica_autosomal_recessive_localisata_variant,Epidermolysis_bullosa_pruriginosa_autosomal_recessive
7352	OBESITY_SEVERE_AND_TYPE_II_DIABETES
4640	Deafness_autosomal_dominant_48
85440	Hypobetalipoproteinemia_familial_2
2200	Marfan_syndrome_mild_variable,Marfan_syndrome_mild,Marfan_syndrome_subdiagnostic_variant_of,Marfan_syndrome_atypical,Stiff_skin_syndrome,Marfan_syndrome_severe_classic,Marfan_syndrome_autosomal_recessive,Marfan_syndrome_neonatal,Marfan's_syndrome,Ectopia_lentis_isolated_autosomal_dominant
1557	Proguanil_poor_metabolism_of,Mephenytoin_poor_metabolism_of
8701	Ciliary_dyskinesia_primary_7
79628	Charcot-Marie-Tooth_disease_type_4C,Mononeuropathy_of_the_median_nerve_mild
8029	Megaloblastic_anemia_1_Finnish_type
1950	Hypomagnesemia_4_renal
11315	Parkinson_disease_7,Parkinson_disease_autosomal_recessive_early-onset_digenic_PINK1/DJ1
23175	Myoglobinuria_recurrent_autosomal_recessive
392255	Klippel-Feil_syndrome_1_autosomal_dominant,LEBER_CONGENITAL_AMAUROSIS_17,Microphthalmia_isolated_4
26277	Dyskeratosis_congenita_autosomal_dominant_3,Aplastic_anemia,Revesz_syndrome,Dyskeratosis_congenita_autosomal_dominant
175	Aspartylglucosaminuria_finnish_type,Aspartylglycosaminuria
255738	Hypercholesterolemia_autosomal_dominant_3
7454	Thrombocytopenia_X-linked_intermittent,Thrombocytopenia_X-linked,Wiskott-Aldrich_syndrome_attenuated,Wiskott-Aldrich_syndrome,Severe_congenital_neutropenia_X-linked
3848	Bullous_ichthyosiform_erythroderma,Ichthyosis_cyclic_with_epidermolytic_hyperkeratosis,Ichthyosis_histrix_curth-macklin_type,Palmoplantar_keratoderma_nonepidermolytic
1589	Carcinoma_adrenocortical_androgen-secreting,Adenoma_cortisol-producing,21-hydroxylase_deficiency
7007	Deafness_autosomal_dominant_12
4436	Colorectal_cancer_hereditary_nonpolyposis_type_1,Lynch_syndrome_I,Turcot_syndrome,Lynch_syndrome,Muir-Torré_syndrome
776	PRIMARY_ALDOSTERONISM_SEIZURES_AND_NEUROLOGIC_ABNORMALITIES
9211	Epilepsy_lateral_temporal_lobe_autosomal_dominant
2673	Myasthenia_limb-girdle_with_tubular_aggregates
56997	Spinocerebellar_ataxia_autosomal_recessive_9
5836	Glycogen_storage_disease_type_VI
4548	METHYLCOBALAMIN_DEFICIENCY_cblG_TYPE
326	Autoimmune_polyglandular_syndrome_type_1_autosomal_dominant,AUTOIMMUNE_POLYENDOCRINOPATHY_SYNDROME_TYPE_I
50484	Autosomal_dominant_progressive_external_ophthalmoplegia_with_mitochondrial_DNA_deletions_5,Mitochondrial_DNA_depletion_syndrome_encephalomyopathic_form_with_renal_tubulopathy,Mitochondrial_DNA_depletion_syndrome_8B_(MNGIE_type)
335	Xanthelasmas_periorbital,APOLIPOPROTEIN_A-I_(NORWAY),APOLIPOPROTEIN_A-I_(MUNSTER3B),APOLIPOPROTEIN_A-I_(MILANO),Amyloidosis_van_allen_type,APOLIPOPROTEIN_A-I_(MUNSTER3C),AMYLOIDOSIS_IV_FORMERLY,APOLIPOPROTEIN_A-I_(BALTIMORE),APOLIPOPROTEIN_A-I_(MARBURG),Apolipoprotein_a-i_deficiency,APOLIPOPROTEIN_A-I_(GIESSEN),Familial_visceral_amyloidosis_Ostertag_type,Amyloidosis_cardiac_and_cutaneous,Amyloid_polyneuropathy-nephropathy_iowa_type,APOLIPOPROTEIN_A-I_(MUNSTER4)
84701	Exocrine_pancreatic_insufficiency_dyserythropoietic_anemia_and_calvarial_hyperostosis
554	Nephrogenic_syndrome_of_inappropriate_antidiuresis,Nephrogenic_diabetes_insipidus,Nephrogenic_diabetes_insipidus_X-linked
1289	Ehlers-Danlos_syndrome_type_2,Ehlers-Danlos_syndrome_type_1
8557	Dilated_cardiomyopathy_1N,Limb-girdle_muscular_dystrophy_type_2G
1282	Brain_small_vessel_disease_with_hemorrhage,Brain_small_vessel_disease_with_axenfeld-rieger_anomaly,Angiopathy_hereditary_with_nephropathy_aneurysms_and_muscle_cramps,Familial_porencephaly
122042	Cryptorchidism_unilateral_or_bilateral
4668	Kanzaki_disease,Schindler_disease_type_3,Schindler_disease_type_1
80270	Bile_acid_synthesis_defect_congenital_1
10913	Autosomal_recessive_hypohidrotic_ectodermal_dysplasia_syndrome,Hair_morphology_1_hair_thickness,ECTODERMAL_DYSPLASIA_10A_HYPOHIDROTIC/HAIR/TOOTH_TYPE_AUTOSOMAL_DOMINANT
89884	Pituitary_hormone_deficiency_combined_4
11078	Deafness_autosomal_recessive_28
3248	Digital_clubbing_isolated_congenital,Cranioosteoarthropathy
673	Colorectal_cancer_somatic,Non-Hodgkin's_lymphoma,Rasopathy,Noonan_syndrome_7,Melanoma_malignant_somatic,Non-small_cell_lung_cancer,Cardio-facio-cutaneous_syndrome
4204	Encephalopathy_neonatal_severe_due_to_mecp2_mutation,Mental_retardation_X-linked_syndromic_13,Atypical_Rett_syndrome,Rett_syndrome_zappella_variant,Rett's_disorder
113189	Ehlers-Danlos_syndrome_musculocontractural_type
79048	Thyroid_hormone_metabolism_abnormal
5961	Macular_dystrophy_vitelliform_adult-onset,Macular_dystrophy_patterned,Retinitis_pigmentosa_7_digenic,Retinitis_pigmentosa_7_with_bull's-eye_maculopathy,Stargardt's_disease,Choroidal_dystrophy_central_areolar_2,Retinitis_pigmentosa_7
25	Chronic_myeloid_leukemia_resistant_to_imatinib,Leukemia_philadelphia_chromosome-positive_resistant_to_imatinib
201163	Multiple_fibrofolliculomas,Pneumothorax_primary_spontaneous
7274	Ataxia_and_retinitis_pigmentosa_with_isolated_vitamin_e_deficiency,Ataxia_Friedreich-like_with_isolated_vitamin_E_deficiency,Ataxia_with_vitamin_E_deficiency
203859	Osteogenesis_imperfecta_Levin_type,Limb-girdle_muscular_dystrophy_type_2L,Miyoshi_muscular_dystrophy_3
5314	Polycystic_kidney_disease_infantile_type
3784	Long_QT_syndrome_1_recessive,Short_QT_syndrome_2,Jervell_and_Lange-Nielsen_syndrome,Atrial_fibrillation_familial_3,Long_QT_syndrome_1/2_digenic,Long_QT_syndrome_1
2263	Ladd_syndrome,Antley-bixler_syndrome_without_genital_anomalies_or_disordered_steroidogenesis,PFEIFFER_SYNDROME_TYPE_III,Acrocephalosyndactyly_type_I,Craniofacial-skeletal-dermatologic_dysplasia,Jackson-Weiss_syndrome,Scaphocephaly_and_axenfeld-rieger_anomaly,Crouzon_syndrome,Cutis_Gyrata_syndrome_of_Beare_and_Stevenson,Scaphocephaly_maxillary_retrusion_and_mental_retardation,Pfeiffer_syndrome,Craniosynostosis_nonsyndromic_unicoronal,Craniosynostosis_nonclassifiable_autosomal_dominant
84146	Myopia_21_autosomal_dominant
3712	Isovaleryl-CoA_dehydrogenase_deficiency,ISOVALERIC_ACIDEMIA_TYPE_I
3779	Hypertension_diastolic_resistance_to
546	MENTAL_RETARDATION-HYPOTONIC_FACIES_SYNDROME_X-LINKED,ATR-X_syndrome
1428	Deafness_autosomal_dominant_nonsyndromic
2071	BIDS_brittle_hair-impaired_intellect-decreased_fertility-short_stature_syndrome,Xeroderma_pigmentosum_complementation_group_b
440689	Igg_receptor_i_phagocytic_familial_deficiency_of,Cd64_deficiency_familial
55997	Heterotaxy_visceral_2_autosomal
4072	Diarrhea_5_with_tufting_enteropathy_congenital
414152	Deafness_autosomal_recessive_12,Usher_syndrome_type_1D
8456	T-cell_immunodeficiency_congenital_alopecia_and_nail_dystrophy
7439	Vitelliform_dystrophy,Macular_dystrophy_vitelliform_adult-onset,Retinitis_pigmentosa_50,Microcornea_rod-cone_dystrophy_cataract_and_posterior_staphyloma,Best_vitelliform_macular_dystrophy_multifocal,Bestrophinopathy_autosomal_recessive,Vitreoretinochoroidopathy_dominant,Bull's_eye_maculopathy,Retinitis_pigmentosa_concentric
1789	Centromeric_instability_of_chromosomes_19_and_16_and_immunodeficiency
3566	Atopy_resistance_to
1545	Irido-corneo-trabecular_dysgenesis,Glaucoma_primary_open_angle_juvenile-onset,Primary_open_angle_glaucoma,Glaucoma_primary_congenital_a,Glaucoma_early-onset_digenic,Glaucoma_congenital
987	Immunodeficiency_common_variable_8_with_autoimmunity
84667	Spondylocostal_dysostosis_4,Spondylocostal_dysostosis_4_autosomal_recessive
23590	Coenzyme_Q10_deficiency_primary_2
1535	Granulomatous_disease_chronic_autosomal_recessive_cytochrome_b-negative
5959	Fundus_albipunctatus_autosomal_recessive
50939	MACULOPATHY_IMPG2-RELATED,Retinitis_pigmentosa_56
3891	Ectodermal_dysplasia_'pure'_hair-nail_type
9429	Blood_group_junior_system
845	Ventricular_tachycardia_catecholaminergic_polymorphic_2
54507	Ectopia_lentis_isolated_autosomal_recessive
1291	Ullrich_congenital_muscular_dystrophy_digenic_col6a1/col6a2,Bethlem_myopathy,Ullrich_congenital_muscular_dystrophy_autosomal_dominant,Ullrich_congenital_muscular_dystrophy_autosomal_recessive
653361	Chronic_granulomatous_disease_autosomal_recessive_cytochrome_b-positive_type_1
7012	Aplastic_anemia,PULMONARY_FIBROSIS_AND/OR_BONE_MARROW_FAILURE_TELOMERE-RELATED_2,Paroxysmal_nocturnal_hemoglobinuria,Idiopathic_fibrosing_alveolitis_chronic_form,Dyskeratosis_congenita_autosomal_dominant
5913	Myasthenic_syndrome_congenital_associated_with_acetylcholine_receptor_deficiency,Pena-Shokeir_syndrome_type_I
5551	Aplastic_anemia,Non-Hodgkin's_lymphoma,Hemophagocytic_lymphohistiocytosis_familial_2
2571	Cerebral_palsy_spastic_quadriplegic_1
3048	Cyanosis_transient_neonatal,Fetal_hemoglobin_quantitative_trait_locus_1
220074	Deafness_autosomal_recessive_63
974	Agammaglobulinemia_6_autosomal_recessive
59341	Distal_spinal_muscular_atrophy_congenital_nonprogressive,Spondyloepiphyseal_dysplasia_Maroteaux_type,Spondylometaphyseal_dysplasia_Kozlowski_type,Scapuloperoneal_spinal_muscular_atrophy,Metatrophic_dysplasia,Brachyrachia_(short_spine_dysplasia),Parastremmatic_dwarfism,Charcot-Marie-Tooth_disease_type_2C
2629	Gaucher_disease_type_3C,Gaucher's_disease_type_1,Gaucher_disease_perinatal_lethal,Gaucher_disease,Subacute_neuronopathic_Gaucher's_disease,Acute_neuronopathic_Gaucher's_disease
51185	Mental_retardation_autosomal_recessive_2
2103	Deafness_autosomal_recessive_35
5092	Hyperphenylalaninemia_bh4-deficient_d
5476	Galactosialidosis_late_infantile,Galactosialidosis_early_infantile,Combined_deficiency_of_sialidase_AND_beta_galactosidase
5080	Aniridia_cerebellar_ataxia_and_mental_retardation,Foveal_hypoplasia_with_anterior_segment_anomalies,Foveal_hypoplasia_isolated,Irido-corneo-trabecular_dysgenesis,Optic_nerve_aplasia_bilateral,Optic_nerve_hypoplasia_bilateral,Foveal_hypoplasia,Coloboma_of_optic_disc,Morning_glory_disc_anomaly,Cataracts_congenital_with_late-onset_corneal_dystrophy,Aniridia_atypical,Congenital_aniridia,Congenital_ocular_coloboma,Foveal_hypoplasia_and_presenile_cataract_syndrome
1301	Marshall/Stickler_syndrome,Stickler_syndrome_type_2
2532	DUFFY_BLOOD_GROUP_SYSTEM_FY(bwk)_PHENOTYPE
3651	MATURITY-ONSET_DIABETES_OF_THE_YOUNG_TYPE_IV,Pancreatic_agenesis,Pancreatic_agenesis_congenital,Permanent_neonatal_diabetes_mellitus
4157	OCULOCUTANEOUS_ALBINISM_TYPE_II_MODIFIER_OF,Skin/hair/eye_pigmentation_2_red_hair/fair_skin,Increased_analgesia_from_kappa-opioid_receptor_agonist_female-specific,Skin/hair/eye_pigmentation_2_blond_hair/fair_skin
5354	Spastic_paraplegia_2,Pelizaeus-merzbacher_disease_atypical,Pelizaeus-merzbacher_disease_mild,Pelizaeus-merzbacher_disease_connatal,Pelizaeus-Merzbacher_disease
1727	Methemoglobinemia_type_2,METHEMOGLOBINEMIA_TYPE_I
2178	Fanconi_anemia_complementation_group_E
210	Porphobilinogen_synthase_deficiency,Porphyria_acute_hepatic_digenic
19	Tangier_disease_variant,Tangier_disease,Familial_hypoalphalipoproteinemia
149461	Hypomagnesemia_5_renal_with_ocular_involvement
2702	Atrial_fibrillation_familial_11
570	Atypical_hemolytic-uremic_syndrome_1,Hypercholanemia_familial
83706	LEUKOCYTE_ADHESION_DEFICIENCY_TYPE_III
57094	Febrile_seizures_familial_11
2048	Prostate_cancer_progression_and_metastasis_of
4512	Juvenile_myopathy_encephalopathy_lactic_acidosis_AND_stroke,Leber's_optic_atrophy,Mitochondrial_complex_I_deficiency,Leigh_syndrome_due_to_mitochondrial_complex_I_deficiency
64581	Candidiasis_familial_4
491	Deafness_autosomal_recessive_12_modifier_of
9227	RETINAL_DYSTROPHY_EARLY-ONSET_SEVERE_LRAT-RELATED
81027	MACROTHROMBOCYTOPENIA_AUTOSOMAL_DOMINANT_TUBB1-RELATED
4693	EXUDATIVE_VITREORETINOPATHY_X-LINKED,X-linked_familial_exudative_vitreoretinopathy,Atrophia_bulborum_hereditaria
10653	Diarrhea_3_secretory_sodium_congenital_syndromic
644248	Parkinson_disease_1_autosomal_dominant
3265	NEVUS_SEBACEOUS_SOMATIC,Myopathy_congenital_with_excess_of_muscle_spindles,Costello_syndrome
387700	Cataract_juvenile_with_microcornea_and_renal_glucosuria
443	Canavan_disease_mild,Spongy_degeneration_of_central_nervous_system
51251	Uridine_5-prime_monophosphate_hydrolase_deficiency_hemolytic_anemia_due_to
100529241	Leukodystrophy_hypomyelinating_4
4618	Myopathy_centronuclear_3
3273	Thrombophilia_histidine-rich_glycoprotein-related
846	Hypercalciuric_hypercalcemia,HYPOCALCEMIA_AUTOSOMAL_DOMINANT_1_WITH_BARTTER_SYNDROME,Hypocalciuric_hypercalcemia_familial_type_1,Hyperparathyroidism_neonatal_severe,HYPOCALCEMIA_AUTOSOMAL_DOMINANT_1,Familial_benign_hypercalcemia,Serum_calcium_level
4093	PULMONARY_HYPERTENSION_PRIMARY_2
1861	Dystonia_1_torsion_modifier_of,Dystonia_1,Dystonia_1_torsion_late-onset,Dystonia_early-onset_atypical_with_myoclonic_features
2706	Deafness_autosomal_recessive_1A,Deafness_digenic_GJB2/GJB6,Mutilating_keratoderma,Deafness_X-linked_2,Keratitis-ichthyosis-deafness_syndrome_autosomal_dominant,Hereditary_hearing_loss_and_deafness,Deafness_autosomal_dominant_3a,Knuckle_pads_deafness_AND_leukonychia_syndrome,Hystrix-like_ichthyosis_with_deafness,Deafness_digenic_GJB2/GJB3,Keratoderma_palmoplantar_deafness
6609	Niemann-Pick_disease_type_B,Niemann-Pick_disease_type_A,Niemann-pick_disease_intermediate_protracted_neurovisceral
1296	Corneal_dystrophy_polymorphous_posterior_2,Corneal_dystrophy_Fuchs_endothelial_1
253827	Deafness_autosomal_recessive_74
60528	Prostate_cancer_hereditary_2
2161	FACTOR_XII_(TENRI),FACTOR_XII_(LOCARNO),Hereditary_angioedema_type_III,Factor_XII_deficiency_disease
55131	Alopecia_neurologic_defects_and_endocrinopathy_syndrome
4629	Aortic_aneurysm_familial_thoracic_4
5950	RETINAL_DYSTROPHY_IRIS_COLOBOMA_AND_COMEDOGENIC_ACNE_SYNDROME
675	Fanconi_anemia_complementation_group_D1,BRCA1_and_BRCA2_Hereditary_Breast_and_Ovarian_Cancer,Pre-B-cell_acute_lymphoblastic_leukemia,Familial_cancer_of_breast,Wilms'_tumor,Medulloblastoma,Breast-ovarian_cancer_familial_2
10059	Encephalopathy_lethal_due_to_defective_mitochondrial_and_peroxisomal_fission
4208	Mental_retardation_stereotypic_movements_epilepsy_and/or_cerebral_malformations
859	Distal_myopathy_Tateyama_type,Rippling_muscle_disease_2_autosomal_recessive,Cardiomyopathy_familial_hypertrophic,Muscular_dystrophy_limb-girdle_type_1c_autosomal_recessive,not_provided,Creatine_phosphokinase_elevated_serum,Limb-girdle_muscular_dystrophy_type_1C,Long_QT_syndrome_2/9_digenic,Rippling_muscle_disease_2,Long_QT_syndrome_9
4284	CATARACT_15_MULTIPLE_TYPES
4000	Hutchinson-Gilford_syndrome,MANDIBULOACRAL_DYSPLASIA_WITH_TYPE_A_LIPODYSTROPHY_ATYPICAL,Charcot-Marie-Tooth_disease_type_2B1,Dilated_cardiomyopathy_1A,Hutchinson-Gilford_progeria_syndrome_atypical,Congenital_muscular_dystrophy_LMNA-related,Lethal_tight_skin_contracture_syndrome,Cardiomyopathy_dilated_with_hypergonadotripic_hypogonadism,Benign_scapuloperoneal_muscular_dystrophy_with_cardiomyopathy,Mandibuloacral_dysostosis,Hutchinson-gilford_progeria_syndrome_childhood-onset,Limb-girdle_muscular_dystrophy_type_1B,Emery-dreifuss_muscular_dystrophy_atypical_autosomal_recessive,Primary_dilated_cardiomyopathy,Lipodystrophy_familial_partial_type_2
1293	Bethlem_myopathy,Ullrich_congenital_muscular_dystrophy_autosomal_recessive
10804	Deafness_autosomal_dominant_3b,Hidrotic_ectodermal_dysplasia_syndrome
65125	Hereditary_sensory_and_autonomic_neuropathy_type_IIA,NEUROPATHY_HEREDITARY_SENSORY_TYPE_II
80326	Schopf-Schulz-Passarge_syndrome,Odontoonychodermal_dysplasia,Tooth_agenesis_selective_4
3913	Nephrotic_syndrome_type_5_with_or_without_ocular_abnormalities,Pierson_syndrome
178	GLYCOGEN_STORAGE_DISEASE_TYPE_IIIb,Glycogen_storage_disease_IIIa,GLYCOGEN_STORAGE_DISEASE_TYPE_IIIc,Glycogen_storage_disease_type_III
4514	Cytochrome-c_oxidase_deficiency,Leber's_optic_atrophy,Parkinson_disease_resistance_to,Mitochondrial_complex_I_deficiency,Leber_hereditary_optic_neuropathy_with_dystonia,Leigh_syndrome_due_to_mitochondrial_complex_I_deficiency
2677	Pseudoxanthoma_elasticum-like_disorder_with_multiple_coagulation_factor_deficiency,Vitamin_k-dependent_clotting_factors_combined_deficiency_of_1
23592	Dermatofibrosis_lenticularis_disseminata,Dermatofibrosis_lenticularis_disseminata_isolated,Osteopoikilosis_with_melorheostosis
6834	Congenital_myasthenic_syndrome_acetazolamide-responsive
367	Prostate_cancer_susceptibility,Androgen_resistance_syndrome,X-linked_hypospadias_1,Reifenstein_syndrome,Androgen_insensitivity_complete,Androgen_insensitivity_partial_with_breast_cancer,Malignant_tumor_of_prostate
7450	von_Willebrand_factor_Vicenza,von_Willebrand_disease_type_2b,von_Willebrand_disease_type_2,von_Willebrand_disease_type_2M,von_Willebrand_disease_type_2N,von_Willebrand_disease_type_1,von_Willebrand_disease_type_2a,von_Willebrand_disease_type_3
54820	Aortic_aneurysm_familial_thoracic_4
5741	Hypocalcemia_autosomal_dominant,Primary_hyperparathyroidism
54583	Erythrocytosis_familial_3
21	Surfactant_metabolism_dysfunction_pulmonary_3
5313	Pyruvate_kinase_deficiency_amish_type,Pyruvate_kinase_deficiency,Adenosine_triphosphate_elevated_of_erythrocytes
10329	Congenital_muscular_dystrophy-dystroglycanopathy_with_brain_and_eye_anomalies_type_A10
351	CEREBRAL_AMYLOID_ANGIOPATHY_APP-RELATED,Alzheimer's_disease,Alzheimer_disease_type_1,CEREBRAL_AMYLOID_ANGIOPATHY_APP-RELATED_PIEDMONT_VARIANT
488	Darier_disease_acral_hemorrhagic_type,Keratosis_follicularis,Acrokeratosis_verruciformis_of_Hopf,Darier_disease_segmental
84059	Usher_syndrome_type_2C,Febrile_seizures_familial_4
81704	Hyperimmunoglobulin_E_recurrent_infection_syndrome_autosomal_recessive
57165	Spastic_paraplegia_44,Lymphedema_hereditary_ic,Leukodystrophy_hypomyelinating_2
124590	Usher_syndrome_type_1G
8322	Familial_exudative_vitreoretinopathy,Retinopathy_of_prematurity,Exudative_vitreoretinopathy_digenic
9639	Slowed_nerve_conduction_velocity_autosomal_dominant
11277	Aicardi_Goutieres_syndrome_1,Aicardi_Goutieres_syndrome_1_autosomal_dominant,Chilblain_lupus_erythematosus
2189	Fanconi_anemia_complementation_group_G
8622	Pigmented_nodular_adrenocortical_disease_primary_3
112817	Primary_hyperoxaluria_type_III
121391	Woolly_hair_autosomal_dominant,Hypotrichosis_3
283596	Anemia_sideroblastic_pyridoxine-refractory_autosomal_recessive
4747	Charcot-Marie-Tooth_disease_type_2E,Charcot-Marie-Tooth_disease_type_IF
4920	Robinow_syndrome_autosomal_recessive_with_brachy-syn-polydactyly,Brachydactyly_type_B1,Robinow_syndrome_autosomal_recessive
57697	Fanconi_anemia_complementation_group_M
25861	Deafness_autosomal_recessive_31,Usher_syndrome_type_2D
64419	MYOPATHY_CENTRONUCLEAR_AUTOSOMAL_DOMINANT_MODIFIER_OF
5308	Ring_dermoid_of_cornea,Iridogoniodysgenesis_dominant_type,Axenfeld-Rieger_syndrome_type_1
1811	Congenital_secretory_diarrhea_chloride_type
94	TELANGIECTASIA_HEREDITARY_HEMORRHAGIC_TYPE_II,Hereditary_hemorrhagic_telangiectasia_type_2,Pulmonary_arterial_hypertension_related_to_hereditary_hemorrhagic_telangiectasia
4359	Dejerine-Sottas_disease,Charcot-Marie-Tooth_disease_type_2J,Charcot-Marie-Tooth_disease_type_1b_with_focally_folded_myelin_sheaths,Dejerine-Sottas_syndrome_autosomal_dominant,Charcot-Marie-Tooth_disease_type_IB,Neuropathy_congenital_hypomyelinating_autosomal_dominant,Roussy-Lévy_syndrome,Dejerine-sottas_syndrome_sporadic,Charcot-Marie-Tooth_disease_type_2I,Charcot-Marie-Tooth_disease_dominant_intermediate_3
213	Analbuminemia_roma,Analbuminemia_american_indian_type,Analbuminemia,ALBUMIN_B,Hyperthyroxinemia_dysalbuminemic
2668	Congenital_central_hypoventilation,Pheochromocytoma_modifier_of
2273	Emery-dreifuss_muscular_dystrophy_6,MYOPATHY_REDUCING_BODY_X-LINKED_SEVERE_EARLY-ONSET,Myopathy_reducing_body_X-linked_childhood-onset,X-linked_dominant_scapuloperoneal_myopathy,X-linked_myopathy_with_postural_muscle_atrophy
5660	Gaucher_disease_atypical_due_to_saposin_C_deficiency,Combined_saposin_deficiency,Sphingolipid_activator_protein_1_deficiency
84665	CARDIOMYOPATHY_DILATED_1KK,CARDIOMYOPATHY_FAMILIAL_RESTRICTIVE_4,CARDIOMYOPATHY_FAMILIAL_HYPERTROPHIC_22
1355	Cardioencephalomyopathy_fatal_infantile_due_to_cytochrome_c_oxidase_deficiency_2,Congenital_myasthenic_syndrome_acetazolamide-responsive
3640	Cryptorchidism_unilateral_or_bilateral
375790	Myasthenia_limb-girdle_familial
133522	Obesity_variation_in
1352	ENCEPHALOPATHY_PROGRESSIVE_MITOCHONDRIAL_WITH_PROXIMAL_RENAL_TUBULOPATHY_DUE_TO_MITOCHONDRIAL_COMPLEX_IV_DEFICIENCY,Cytochrome-c_oxidase_deficiency,Congenital_myasthenic_syndrome_acetazolamide-responsive
525	Renal_tubular_acidosis_distal_with_progressive_deafness
286077	AMELOGENESIS_IMPERFECTA_TYPE_III_LOCALIZED,Amelogenesis_imperfecta_hypocalcification_type
100529097	Fabry's_disease,Fabry_disease_cardiac_variant
153562	Deafness_neurosensory_autosomal_recessive_49
3459	Disseminated_atypical_mycobacterial_infection,Atypical_mycobacterial_infection_disseminated_familial,Bcg_infection_tuberculoid_antibiotic-responsive
7112	Cardiomyopathy_dilated_1t
2318	Myofibrillar_myopathy_filamin_C-related
7415	AMYOTROPHIC_LATERAL_SCLEROSIS_14_WITHOUT_FRONTOTEMPORAL_DEMENTIA,Inclusion_body_myopathy_with_early-onset_paget_disease_and_frontotemporal_dementia,Amyotrophic_lateral_sclerosis_14_with_or_without_frontotemporal_dementia
4593	Myasthenic_syndrome_congenital_associated_with_acetylcholine_receptor_deficiency
3199	Microtia_hearing_impairment_and_cleft_palate
4669	Mucopolysaccharidosis_MPS-III-B
80207	3-Methylglutaconic_aciduria_type_3,Optic_atrophy_and_cataract_autosomal_dominant
10585	Limb-girdle_muscular_dystrophy-dystroglycanopathy_type_C1,Walker-Warburg_congenital_muscular_dystrophy,Congenital_muscular_dystrophy-dystroglycanopathy_with_mental_retardation_type_B1
7273	Familial_hypertrophic_cardiomyopathy_9,Myopathy_early-onset_with_fatal_cardiomyopathy,Distal_myopathy_Markesbery-Griggs_type,Hereditary_myopathy_with_early_respiratory_failure,Dilated_cardiomyopathy_1G
2072	XFE_progeroid_syndrome,FANCONI_ANEMIA_COMPLEMENTATION_GROUP_Q,XERODERMA_PIGMENTOSUM_TYPE_F,XERODERMA_PIGMENTOSUM_TYPE_F/COCKAYNE_SYNDROME
5805	6-pyruvoyl-tetrahydropterin_synthase_deficiency,Hyperphenylalaninemia_bh4-deficient_a_due_to_partial_pts_deficiency
2100	Deafness_autosomal_recessive_35
3423	MUCOPOLYSACCHARIDOSIS_TYPE_II_SEVERE_FORM,Mucopolysaccharidosis_MPS-II,MUCOPOLYSACCHARIDOSIS_TYPE_II_MILD_FORM
6569	Nephrolithiasis/osteoporosis_hypophosphatemic_1
100534612	Bile_acid_synthesis_defect_congenital_4,Alpha-methylacyl-CoA_racemase_deficiency
2055	Ceroid_lipofuscinosis_neuronal_8,Ceroid_lipofuscinosis_neuronal_8_northern_epilepsy_variant
4915	Obesity_hyperphagia_and_developmental_delay
114609	BACTEREMIA_RESISTANCE_TO,Malaria_resistance_to
154881	Epilepsy_progressive_myoclonic_3
1540	Spiegler-Brooke_syndrome,Cylindromatosis_familial,Familial_multiple_trichoepitheliomata
4771	Neurofibromatosis_type_2
128178	Ectodermal_dysplasia_11b_hypohidrotic/hair/tooth_type_autosomal_recessive,Autosomal_dominant_hypohidrotic_ectodermal_dysplasia,Ectodermal_dysplasia_11a_hypohidrotic/hair/tooth_type_autosomal_dominant,Autosomal_recessive_hypohidrotic_ectodermal_dysplasia_syndrome
4935	Nystagmus_6_congenital_X-linked,Ocular_albinism_type_I
10021	Sick_sinus_syndrome_2_autosomal_dominant
78987	Atrioventricular_septal_defect_partial_with_heterotaxy_syndrome
80704	Basal_ganglia_disease_biotin-responsive
2997	Glycogen_storage_disease_0_muscle
10558	Neuropathy_hereditary_sensory_and_autonomic_type_1,NEUROPATHY_HEREDITARY_SENSORY_AND_AUTONOMIC_TYPE_I_SEVERE
8074	Tumoral_calcinosis_familial_hyperphosphatemic,Autosomal_dominant_hypophosphatemic_rickets
3852	Epidermolysis_bullosa_simplex_Cockayne-Touraine_type,Epidermolysis_bullosa_simplex_generalized_with_severe_palmoplantar_keratosis,Epidermolysis_bullosa_simplex_Dowling-Meara_type_with_severe_palmoplantar_keratoderma,Epidermolysis_bullosa_simplex_with_migratory_circinate_erythema,Reticulate_acropigmentation_of_Kitamura,Epidermolysis_bullosa_simplex_autosomal_recessive,Epidermolysis_bullosa_herpetiformis_Dowling-Meara,Epidermolysis_bullosa_simplex_with_mottled_pigmentation,Epidermolysis_bullosa_simplex_Koebner_type
51168	Deafness_with_smith-magenis_syndrome,Deafness_autosomal_recessive_3
64699	Deafness_autosomal_recessive_8
1409	Cataract_autosomal_dominant,CATARACT_9_AUTOSOMAL_RECESSIVE,Cataract_autosomal_dominant_multiple_types_with_microcornea
29925	Congenital_muscular_dystrophy-dystroglycanopathy_with_mental_retardation_type_B14,Limb-girdle_muscular_dystrophy-dystroglycanopathy_type_C14
1716	Mitochondrial_DNA-depletion_syndrome_3_hepatocerebral
83959	Corneal_endothelial_dystrophy_type_2,Corneal_dystrophy_and_perceptive_deafness,Corneal_dystrophy_fuchs_endothelial_4
9289	Polymicrogyria_bilateral_frontoparietal
5626	Pituitary_hormone_deficiency_combined_2,Pituitary_hormone_deficiency_combined
10381	Skin/hair/eye_pigmentation_2_red_hair/fair_skin,Fibrosis_of_extraocular_muscles_congenital_3a_with_or_without_extraocular_involvement
85320	Colostrum_secretion,Apocrine_gland_secretion_variation_in,Axillary_odor
2908	Glucocorticoid_resistance_generalized,Glucocorticoid_resistance_familial,Glucocorticoid_resistance_cellular,Pseudohermaphroditism_female_with_hypokalemia_due_to_glucocorticoid_resistance
9516	Charcot-Marie-Tooth_disease_type_IC
4758	Sialidosis_type_I,Sialidosis_type_II
7547	Heterotaxy_visceral_X-linked,CONGENITAL_HEART_DEFECTS_MULTIPLE_TYPES_1_X-LINKED
55024	Systemic_lupus_erythmatosus_association_with
57817	Hemochromatosis_type_2a_modifier_of,Hemochromatosis_type_2B
8722	CEROID_LIPOFUSCINOSIS_NEURONAL_13
7401	Retinitis_pigmentosa-deafness_syndrome,Usher_syndrome_type_3
8898	Charcot-Marie-Tooth_disease_type_4B1
4683	Aplastic_anemia,Microcephaly_normal_intelligence_and_immunodeficiency
1013	Mental_retardation_autosomal_dominant_3
10342	Neuropathy_hereditary_motor_and_sensory_Okinawa_type
1738	Maple_syrup_urine_disease_type_3
26503	Sialic_acid_storage_disease_severe_infantile_type,Salla_disease
53632	Glycogen_content_in_skeletal_muscle_increased
285489	Myasthenia_limb-girdle_familial
4254	Hyperpigmentation_familial_progressive_2
6341	Hepatic_failure_early-onset_and_neurologic_disorder_due_to_cytochrome_c_oxidase_deficiency
6507	Episodic_ataxia_type_6
8626	Rapp-Hodgkin_ectodermal_dysplasia_syndrome,ADULT_syndrome,Ectrodactyly_ectodermal_dysplasia_and_cleft_lip/palate_syndrome_3,Split-hand/foot_malformation_4,Orofacial_cleft_8,Hay-Wells_syndrome_of_ectodermal_dysplasia
84282	Macrocephaly_macrosomia_facial_dysmorphism_syndrome
5631	Arts_syndrome,Phosphoribosylpyrophosphate_synthetase_superactivity,Charcot-Marie-Tooth_disease_X-linked_recessive_type_5,Deafness_X-linked_1
1643	Xeroderma_pigmentosum_complementation_group_e_ddb-negative_form
1286	Benign_familial_hematuria,Alport_syndrome_autosomal_recessive
5339	Epidermolysis_bullosa_simplex_Ogna_type,Epidermolysis_bullosa_simplex_with_pyloric_atresia
355	Autoimmune_lymphoproliferative_syndrome_type_1a
6708	Hereditary_pyropoikilocytosis,Spherocytosis_type_3_autosomal_recessive,Elliptocytosis_2
51422	Primary_familial_hypertrophic_cardiomyopathy,Familial_hypertrophic_cardiomyopathy_6,Wolff-Parkinson-White_syndrome_childhood-onset,Wolff-Parkinson-White_pattern,Glycogen_storage_disease_of_heart_lethal_congenital
2643	GTP_cyclohydrolase_I_deficiency,Dystonia_5_Dopa-responsive_type,Dystonia_dopa-responsive_with_or_without_hyperphenylalaninemia_autosomal_recessive
23096	MENTAL_RETARDATION_X-LINKED_18,Mental_retardation_X-linked_nonspecific
5078	Diabetes_mellitus_type_2,Maturity-onset_diabetes_of_the_young_type_9
5321	PHOSPHOLIPASE_A2_GROUP_IV_A_DEFICIENCY_OF
83990	Breast_cancer_early-onset,Fanconi_anemia_complementation_group_J
84695	Parkinson_disease_13_autosomal_dominant
1027	Multiple_endocrine_neoplasia_type_4
5256	Glycogen_storage_disease_type_IXa1,GLYCOGEN_STORAGE_DISEASE_TYPE_IXa2
51057	Meckel_syndrome_type_6_modifier_of,Bardet-Biedl_syndrome_12_modifier_of
7421	Vitamin_D-dependent_rickets_type_2
84100	Bardet-Biedl_syndrome_3,Bardet-Biedl_syndrome_1_modifier_of
1453	ADVANCED_SLEEP_PHASE_SYNDROME_FAMILIAL_2
593	Maple_syrup_urine_disease_type_1A,MAPLE_SYRUP_URINE_DISEASE_INTERMEDIATE_TYPE_IA,Maple_syrup_urine_disease
56652	Mitochondrial_DNA-depletion_syndrome_3_hepatocerebral,Autosomal_dominant_progressive_external_ophthalmoplegia_with_mitochondrial_DNA_deletions_3,Mitochondrial_DNA_depletion_syndrome_7_(hepatocerebral_type)
8604	Hypomyelination_global_cerebral
8438	Breast_cancer_invasive_ductal
1641	Subcortical_laminar_heterotopia_X-linked,X-linked_lissencephaly
640	Maturity-onset_diabetes_of_the_young_type_11
2068	BIDS_brittle_hair-impaired_intellect-decreased_fertility-short_stature_syndrome,Cerebro-oculo-facio-skeletal_syndrome,Cerebrooculofacioskeletal_syndrome_2,Xeroderma_pigmentosum_group_D
9896	Amyotrophic_lateral_sclerosis_type_11,Charcot-Marie-Tooth_disease_type_4J
2165	Factor_xiii_b_subunit_deficiency_of
54977	Anemia_sideroblastic_pyridoxine-refractory_autosomal_recessive
8676	Hemophagocytic_lymphohistiocytosis_familial_4
4763	Juvenile_myelomonocytic_leukemia,Neurofibromatosis_type_1,Neurofibromatosis-Noonan_syndrome,Café-au-lait_macules_with_pulmonary_stenosis,Neurofibromatosis_familial_spinal
2177	Fanconi_anemia_complementation_group_D2
5351	Ehlers-Danlos_syndrome_hydroxylysine-deficient
4511	Myoglobinuria_recurrent,Cytochrome_c_oxidase_i_deficiency,Familial_colorectal_cancer
785	Episodic_ataxia_type_5
117531	Deafness_autosomal_dominant_36,Hereditary_hearing_loss_and_deafness,Deafness_autosomal_recessive_7
5826	METHYLMALONIC_ACIDURIA_AND_HOMOCYSTINURIA_cblJ_TYPE
23639	Ciliary_dyskinesia_primary_19
3291	Apparent_mineralocorticoid_excess_mild,Apparent_mineralocorticoid_excess
57465	Myoclonic_epilepsy_infantile_familial
222662	Deafness_autosomal_recessive_67
79784	Peripheral_neuropathy_myopathy_hoarseness_and_hearing_loss,Deafness_autosomal_dominant_4
55703	Hypomyelinating_leukodystrophy_8,LEUKODYSTROPHY_HYPOMYELINATING_8_WITH_HYPODONTIA_AND_HYPOGONADOTROPIC_HYPOGONADISM
10159	Mental_retardation_X-linked_syndromic_Hedera_type
136647	Trichothiodystrophy_nonphotosensitive_1
4948	Skin/hair/eye_pigmentation_variation_in_1,Tyrosinase-positive_oculocutaneous_albinism
4210	Familial_mediterranean_fever_autosomal_dominant,Familial_Mediterranean_fever
203	Adenylate_kinase_deficiency_hemolytic_anemia_due_to
54716	Hyperglycinuria,Iminoglycinuria_digenic
80025	Hypoprebetalipoproteinemia_acanthocytosis_retinitis_pigmentosa_and_pallidal_degeneration,Pigmentary_pallidal_degeneration,Neurodegeneration_with_brain_iron_accumulation_1_atypical
6323	Familial_hemiplegic_migraine_type_3,Generalized_epilepsy_with_febrile_seizures_plus_type_2,Severe_myoclonic_epilepsy_in_infancy
9321	Achondrogenesis_type_IA
1482	Tetralogy_of_Fallot,Hypoplastic_left_heart_syndrome_2,Interrupted_aortic_arch,TRUNCUS_ARTERIOSUS,Hypothyroidism_congenital_nongoitrous_5,Atrial_septal_defect_7_with_or_without_atrioventricular_conduction_defects
268	PERSISTENT_MULLERIAN_DUCT_SYNDROME_TYPE_I,Anti-Mullerian_hormone_Bruxelles
345	Hyperalphalipoproteinemia_2,Apolipoprotein_c-iii_nonglycosylated
1297	Stickler_syndrome_type_4
9499	Limb-girdle_muscular_dystrophy_type_1A,Myotilinopathy,Spheroid_body_myopathy
1956	Nonsmall_cell_lung_cancer_resistance_to_tyrosine_kinase_inhibitor_in,Non-small_cell_lung_cancer
2778	Pseudopseudohypoparathyroidism,PSEUDOHYPOPARATHYROIDISM_TYPE_IA_WITH_TESTOTOXICOSIS,Pseudohypoparathyroidism_type_1A
7248	Lymphangiomyomatosis,Tuberous_sclerosis_1,FOCAL_CORTICAL_DYSPLASIA_OF_TAYLOR_TYPE_IIB
4792	Ectodermal_dysplasia_anhidrotic_with_T-cell_immunodeficiency_autosomal_dominant
114548	Familial_cold_urticaria,Chronic_infantile_neurological_cutaneous_and_articular_syndrome,Familial_amyloid_nephropathy_with_urticaria_AND_deafness
4647	Deafness_autosomal_dominant_11,Usher_syndrome_type_1B,Retinitis_pigmentosa-deafness_syndrome,Deafness_autosomal_recessive_2
7036	Hemochromatosis_type_1_modifier_of,Hemochromatosis_type_3
6608	Basal_cell_carcinoma_sporadic
100302282	Pigmentary_pallidal_degeneration,Neurodegeneration_with_brain_iron_accumulation_1_atypical
3557	Osteomyelitis_sterile_multifocal_with_periostitis_and_pustulosis
4233	Renal_cell_carcinoma_papillary_1
1290	Ehlers-Danlos_syndrome_type_2
2162	Factor_xiii_a_subunit_deficiency_of
4308	Congenital_stationary_night_blindness_type_1C
5199	Properdin_deficiency_X-linked,PROPERDIN_DEFICIENCY_TYPE_III,PROPERDIN_DEFICIENCY_TYPE_II
162417	Hyperammonemia_type_III
6927	Renal_cell_carcinoma_chromophobe,Serum_hdl_cholesterol_level_modifier_of,Diabetes_mellitus_insulin-dependent_20,Clear_cell_carcinoma_of_kidney,Maturity-onset_diabetes_of_the_young_type_3
2916	Congenital_stationary_night_blindness_type_1B
1583	Adrenal_insufficiency_congenital_with_46XY_sex_reversal_partial_or_complete
23118	Congenital_heart_disease_multiple_types_2
338917	Microphthalmia_isolated_2,Microphthalmia_cataracts_and_iris_abnormalities
5158	Congenital_stationary_night_blindness_autosomal_dominant_2,Retinitis_pigmentosa_40
3856	Cirrhosis_cryptogenic
7399	Usher_syndrome_type_2A,Retinitis_pigmentosa-deafness_syndrome,Retinitis_pigmentosa,Retinitis_pigmentosa_39
3043	Heinz_body_hemolytic_anemia,Beta_thalassemia_intermedia,Beta-thalassemia_dominant,Beta_thalassemia_major,BETA-PLUS-THALASSEMIA_DOMINANT,Hb_camperdown,Beta-thalassemia_lermontov_type,Beta-malay-thalassemia,Hb_gambara,alpha_Thalassemia,Beta-showa-yakushiji_thalassemia,HEMOGLOBIN_SOUTHAMPTON,Hb_SS_disease,Beta-e-thalassemia,Malaria_resistance_to,Beta-plus-thalassemia,Beta-thalassemia_intermedia_dominant,beta0^_Thalassemia,Beta-thalassemia_dominant_inclusion_body_type,HEMOGLOBIN_D_(PUNJAB),HEMOGLOBIN_AGENOGI,Hb_aubenas,HEMOGLOBIN_HOSHIDA,beta_Thalassemia,Hb_niigata,Beta-knossos-thalassemia
2588	Mucopolysaccharidosis_MPS-IV-A
3759	Short_QT_syndrome_3,Andersen_Tawil_syndrome,Atrial_fibrillation_familial_9
4221	Multiple_endocrine_neoplasia_type_1,Hyperparathyroidism_1
9927	Charcot-Marie-Tooth_disease_type_2A2,Hereditary_motor_and_sensory_neuropathy_with_optic_atrophy
50674	Diarrhea_4_malabsorptive_congenital
356	Autoimmune_lymphoproliferative_syndrome,Lung_cancer,Autoimmune_lymphoproliferative_syndrome_type_1b
2720	GM1-GANGLIOSIDOSIS_TYPE_I_WITH_CARDIAC_INVOLVEMENT,Juvenile_GM>1<_gangliosidosis,Mucopolysaccharidosis_MPS-IV-B,Gangliosidosis_GM1_type_3,Infantile_GM1_gangliosidosis
3897	Corpus_callosum_partial_agenesis_of_X-linked,Spastic_paraplegia_1,X-linked_hydrocephalus_syndrome,HYDROCEPHALUS_X-LINKED_WITH_HIRSCHSPRUNG_DISEASE
2632	GLYCOGEN_STORAGE_DISEASE_IV_COMBINED_HEPATIC_AND_MYOPATHIC,Glycogen_storage_disease_type_IV,GLYCOGEN_STORAGE_DISEASE_IV_CLASSIC_HEPATIC,GLYCOGEN_STORAGE_DISEASE_IV_FATAL_PERINATAL_NEUROMUSCULAR,Adult_polyglucosan_body_disease,GLYCOGEN_STORAGE_DISEASE_IV_NONPROGRESSIVE_HEPATIC,Glycogen_storage_disease_IV_congenital_neuromuscular,GLYCOGEN_STORAGE_DISEASE_IV_CHILDHOOD_NEUROMUSCULAR
10456	Severe_congenital_neutropenia_3_autosomal_recessive
6261	Minicore_myopathy_with_external_ophthalmoplegia,Neuromuscular_disease_congenital_with_uniform_type_1_fiber,Congenital_myopathy_with_fiber_type_disproportion,King_Denborough_syndrome,Central_core_disease,Central_core_disease_autosomal_recessive
8647	Progressive_familial_intrahepatic_cholestasis_2,Cholestasis_benign_recurrent_intrahepatic_2
5979	Congenital_central_hypoventilation,Thyroid_carcinoma_sporadic_medullary,Renal_adysplasia,Multiple_endocrine_neoplasia_type_2b,Pheochromocytoma,MEN2_phenotype:_Unclassified,MEN2A_and_FMTC,Central_hypoventilation_syndrome_congenital_with_hirschsprung_disease,Multiple_endocrine_neoplasia_type_2a,Familial_medullary_thyroid_carcinoma,MEN2A_and_Unclassified,MULTIPLE_ENDOCRINE_NEOPLASIA_TYPE_IIA_WITH_HIRSCHSPRUNG_DISEASE
8482	Blood_group_john_milton_hagen_system
4054	Tooth_agenesis_selective_6
6928	Diabetes_mellitus_type_2,Familial_hypoplastic_glomerulocystic_kidney
55172	Ciliary_dyskinesia_primary_10
125336	Deafness_autosomal_recessive_77
2516	Adrenocortical_insufficiency,Spermatogenic_failure_8,Premature_ovarian_failure_7,46XY_sex_reversal_type_3
8242	X-linked_mental_retardation_syndromic_Claes-Jensen_type
695	HYPOAGAMMAGLOBULINEMIA_X-LINKED,X-linked_agammaglobulinemia,X-linked_agammaglobulinemia_with_growth_hormone_deficiency
120892	Parkinson_disease_8_autosomal_dominant
4909	Glaucoma_1_open_angle_O
3741	Atrial_fibrillation_familial_7
5167	Hypophosphatemic_rickets_autosomal_recessive_2,Arterial_calcification_of_infancy
3972	Hypogonadism_male
6041	Prostate_cancer_hereditary_1
861	Leukemia_acute_myeloid_m0_subtype,Transient_myeloproliferative_disorder_of_down_syndrome,Familial_platelet_disorder_with_associated_myeloid_malignancy
337	APOLIPOPROTEIN_A-IV_RARE_VARIANT_APOA4*3
3172	Diabetes_mellitus_type_2,Maturity-onset_diabetes_of_the_young_type_1
6331	Brugada_syndrome_1,Progressive_familial_heart_block_type_1A,Atrial_standstill,Sudden_infant_death_syndrome,Long_QT_syndrome_2/3_digenic,Cardiac_conduction_defect_nonprogressive,Sinus_node_disease,Long_QT_syndrome_3/6_digenic,Primary_dilated_cardiomyopathy,Sick_sinus_syndrome_1_autosomal_recessive,Long_QT_syndrome_3,Cardiac_conduction_defect_nonspecific,Atrial_fibrillation_familial_10,Dilated_cardiomyopathy_1E,Ventricular_fibrillation_paroxysmal_familial
2592	Deficiency_of_UDPglucose-hexose-1-phosphate_uridylyltransferase,GALT_POLYMORPHISM_(LOS_ANGELES_D1),Classical_galactosemia_homozygous_Duarte-type
5428	Mitochondrial_neurogastrointestinal_encephalomyopathy_syndrome,Cerebellar_ataxia_infantile_with_progressive_external_ophthalmoplegia,Myoclonic_epilepsy_myopathy_sensory_ataxia,Progressive_sclerosing_poliodystrophy,Sensory_ataxic_neuropathy_dysarthria_and_ophthalmoparesis,Autosomal_dominant_progressive_external_ophthalmoplegia_with_mitochondrial_DNA_deletions_1,Mitochondrial_diseases,Mitochondrial_DNA_depletion_syndrome_4B_MNGIE_type,PROGRESSIVE_EXTERNAL_OPHTHALMOPLEGIA_WITH_MITOCHONDRIAL_DNA_DELETIONS_DIGENIC
6649	Superoxide_dismutase_elevated_extracellular
2290	Rett_syndrome_congenital_variant
80208	Spastic_paraplegia_11_autosomal_recessive
79068	Growth_retardation_developmental_delay_coarse_facies_and_early_death
9573	Microphthalmia_isolated_7,Microphthalmia_isolated_with_coloboma_6,Klippel-Feil_syndrome_3_autosomal_dominant
2328	Trimethylaminuria,Fmo3_activity_decreased
50846	46XY_gonadal_dysgenesis_complete_dhh-related,46XY_gonadal_dysgenesis_partial_with_minifascicular_neuropathy
594	Maple_syrup_urine_disease,MAPLE_SYRUP_URINE_DISEASE_CLASSIC_TYPE_IB
1438	Surfactant_metabolism_dysfunction_pulmonary_4
246213	Deafness_autosomal_dominant_25
7045	Reis-Bucklers'_corneal_dystrophy,Avellino_corneal_dystrophy,Thiel-Behnke_corneal_dystrophy,CORNEAL_DYSTROPHY_GROENOUW_TYPE_I,Corneal_epithelial_dystrophy,Lattice_corneal_dystrophy_Type_I,Lattice_corneal_dystrophy_type_3A
2188	Fanconi_anemia_complementation_group_F
5213	Glycogen_storage_disease_type_VII
1278	Osteogenesis_imperfecta_with_normal_sclerae_dominant_form,Ehlers-Danlos_syndrome_autosomal_recessive_cardiac_valvular_form,Osteogenesis_imperfecta_recessive_perinatal_lethal,Ehlers-Danlos_syndrome_type_7B,Osteogenesis_imperfecta,Osteoporosis,Osteogenesis_imperfecta_type_III
2582	UDPglucose-4-epimerase_deficiency,Galactose_epimerase_deficiency_severe
286262	Deafness_autosomal_recessive_79
3735	Charcot-Marie-Tooth_disease_recessive_intermediate_B
1728	Breast_cancer_post-chemotherapy_poor_survival_in
8200	SYMPHALANGISM_PROXIMAL_1B,Fibular_hypoplasia_and_complex_brachydactyly,Brachydactyly_type_C,Brachydactyly_type_A2,Multiple_synostoses_syndrome_2,Grebe_syndrome
10560	Megaloblastic_anemia_thiamine-responsive_with_diabetes_mellitus_and_sensorineural_deafness
4337	Molybdenum_cofactor_deficiency_complementation_group_A
23322	Familial_aplasia_of_the_vermis,Meckel_syndrome_type_5,Retinitis_pigmentosa_in_ciliopathies_modifier_of,COACH_syndrome,Joubert_syndrome_7
410	Metachromatic_leukodystrophy_severe,Metachromatic_leukodystrophy_juvenile_type,Arylsulfatase_a_pseudodeficiency_severe,Arylsulfatase_a_allele_a,Arylsulfatase_A_pseudodeficiency,Metachromatic_leukodystrophy,Metachromatic_leukodystrophy_late_infantile,Metachromatic_leukodystrophy_adult_type,Metachromatic_leukodystrophy_mild,Metachromatic_leukodystrophy_late-onset,Arylsulfatase_a_pseudodeficiency_intermediate
64132	Pseudoxanthoma_elasticum_modifier_of_severity_of
1180	Congenital_myotonia_autosomal_dominant_form,Myotonia_congenita,Myotonia_levior,Congenital_myotonia_autosomal_recessive_form
55145	Dystonia_6_torsion
1130	Chédiak-Higashi_syndrome,Chediak-Higashi_syndrome_childhood_type,Chediak-Higashi_syndrome_adult_type
415	Chondrodysplasia_punctata_1_X-linked_recessive
189	Primary_hyperoxaluria_type_I
1292	Ullrich_congenital_muscular_dystrophy_digenic_col6a1/col6a2,BETHLEM_MYOPATHY_AUTOSOMAL_RECESSIVE,Bethlem_myopathy,Ullrich_congenital_muscular_dystrophy_autosomal_dominant,Myosclerosis_autosomal_recessive,Ullrich_congenital_muscular_dystrophy_autosomal_recessive
57010	Congenital_stationary_night_blindness_type_2B
1832	KERATOSIS_PALMOPLANTARIS_STRIATA_II,Skin_fragility_woolly_hair_syndrome,Arrhythmogenic_right_ventricular_cardiomyopathy_type_8,Epidermolysis_bullosa_lethal_acantholytic,Cardiomyopathy_dilated_with_woolly_hair_and_keratoderma
8517	Hypohidrotic_ectodermal_dysplasia_with_immune_deficiency,HYPER-IgM_IMMUNODEFICIENCY_X-LINKED_WITH_HYPOHIDROTIC_ECTODERMAL_DYSPLASIA,Incontinentia_pigmenti_syndrome,Anhidrotic_ectodermal_dysplasia_with_immune_deficiency,Invasive_pneumococcal_disease_recurrent_isolated_2,Ectodermal_dysplasia_anhidrotic_with_immunodeficiency_osteopetrosis_and_lymphedema,Anemia_nonspherocytic_hemolytic_due_to_g6pd_deficiency
9380	Primary_hyperoxaluria_type_II
100526833	Macrothrombocytopenia_familial_bernard-soulier_type,Bernard-Soulier_syndrome_type_B
1144	Myasthenic_syndrome_congenital_fast-channel,Microphthalmia_isolated_6,Myasthenic_syndrome_slow-channel_congenital,Lethal_multiple_pterygium_syndrome
6736	46XY_true_hermaphroditism_sry-related,46XY_sex_reversal_type_1
57449	Charcot-Marie-Tooth_disease_recessive_intermediate_B,Distal_spinal_muscular_atrophy_autosomal_recessive_4
2524	Norwalk_virus_infection_resistance_to
116442	Mental_retardation_X-linked_72
1471	Age-related_macular_degeneration_11,Hereditary_cerebral_amyloid_angiopathy_Icelandic_type
5340	Dysplasminogenemia,PLASMINOGEN_DEFICIENCY_TYPE_I
5896	Histiocytic_medullary_reticulosis,Alpha/beta_T-cell_lymphopenia_with_gamma/delta_T-cell_expansion_severe_cytomegalovirus_infection_and_autoimmunity,Severe_combined_immunodeficiency_b_cell-negative,Combined_cellular_and_humoral_immune_defects_with_granulomas
2213	Malaria_resistance_to
9509	Ehlers-Danlos_syndrome_type_7C
773	Migraine_sporadic_hemiplegic_with_progressive_cerebellar_ataxia,Migraine_sporadic_hemiplegic,Episodic_ataxia_type_2_and_epilepsy,Spinocerebellar_ataxia_6,Episodic_ataxia_type_2,Familial_hemiplegic_migraine_type_1
7319	X-linked_syndromic_mental_retardation_Nascimento_type
4508	Deafness_nonsyndromic_sensorineural_mitochondrial,MITOCHONDRIAL_COMPLEX_IV_DEFICIENCY_WITH_RECURRENT_MYOGLOBINURIA,Cardiomyopathy_apical_hypertrophic_and_neuropathy,Familial_colorectal_cancer,Sideroblastic_anemia_acquired_idiopathic,Ataxia_and_polyneuropathy_adult-onset,Leigh's_disease,Striatonigral_degeneration_infantile_mitochondrial,Seizures_and_lactic_acidosis,Cytochrome-c_oxidase_deficiency,Leber's_optic_atrophy,Neuropathy_ataxia_retinitis_pigmentosa_syndrome,Deafness_aminoglycoside-induced,Keratoderma_palmoplantar_deafness
26119	Hypercholesterolemia_autosomal_recessive
28976	Acyl-CoA_dehydrogenase_family_member_9_deficiency_of
79840	Severe_combined_immunodeficiency_with_microcephaly_growth_retardation_and_sensitivity_to_ionizing_radiation
2752	Glutamine_deficiency_congenital
6710	Hereditary_pyropoikilocytosis,Elliptocytosis_3,Spectrin_providence,Anemia_neonatal_hemolytic_fatal_and_near-fatal,Spectrin_kissimmee,Spherocytosis_type_2
55215	Fanconi_anemia_complementation_group_I
3690	Autism_association_with_7,Thrombocytopenia_neonatal_alloimmune,Glanzmann's_thrombasthenia,Posttransfusion_purpura
7068	Thyroid_hormone_resistance_generalized,Thyroid_hormone_resistance_generalized_autosomal_dominant,Thyroid_hormone_resistance_generalized_autosomal_recessive,Thyroid_hormone_resistance_selective_pituitary
1285	Benign_familial_hematuria,Alport_syndrome_autosomal_recessive,Alport_syndrome_autosomal_dominant
5468	Morbid_obesity,Intimal_medial_thickness_of_internal_carotid_artery_modifier_of,Lipodystrophy_familial_partial_type_3,Obesity_modifier_of,Body_mass_index_modifier_of,Diabetes_mellitus_noninsulin-dependent_modifier_of
287	Long_QT_syndrome_4,Cardiac_arrhythmia_ankyrin_B-related
3757	Short_QT_syndrome_1,Long_QT_syndrome_2/9_digenic,Long_QT_syndrome_2/5,Long_QT_syndrome_1/2_digenic,Long_QT_syndrome_2
3858	Bullous_ichthyosiform_erythroderma,Ichthyosis_cyclic_with_epidermolytic_hyperkeratosis
1959	Dejerine-Sottas_disease,Congenital_hypomyelinating_neuropathy,Charcot-Marie-Tooth_disease_type_ID,Neuropathy_congenital_hypomyelinating_autosomal_dominant,Neuropathy_congenital_hypomyelinating_autosomal_recessive,Dejerine-sottas_neuropathy_autosomal_dominant
55149	Ataxia_spastic_4_autosomal_recessive
1201	Juvenile_neuronal_ceroid_lipofuscinosis,Ceroid_lipofuscinosis_neuronal_3_protracted
5972	Hyperproreninemia_familial,Renal_dysplasia,Hyperuricemic_nephropathy_familial_juvenile_2
4040	Coronary_artery_disease_autosomal_dominant_2
5871	Multiple_endocrine_neoplasia_type_1
5322	Fleck_retina_familial_benign
2652	Colorblindness_partial_deutan_series,CONE_DYSTROPHY_5_X-LINKED,Cone_monochromatism
8431	Obesity_mild_early-onset
2243	Familial_visceral_amyloidosis_Ostertag_type,Dysfibrinogenemia_causing_bleeding_diathesis
4166	MACULAR_CORNEAL_DYSTROPHY_TYPE_II,Macular_corneal_dystrophy_Type_I
10661	BLOOD_GROUP--LUTHERAN_INHIBITOR,ANEMIA_DYSERYTHROPOIETIC_CONGENITAL_TYPE_IV,HEREDITARY_PERSISTENCE_OF_FETAL_HEMOGLOBIN_KLF1-RELATED
7157	Osteosarcoma,Hepatoblastoma,Li-fraumeni-like_syndrome,Familial_colorectal_cancer,Adrenocortical_carcinoma_pediatric,Familial_non-Hodgkin_lymphoma,Choroid_plexus_carcinoma,Li-Fraumeni_syndrome_1
4688	Chronic_granulomatous_disease_autosomal_recessive_cytochrome_b-positive_type_2
182	Tetralogy_of_Fallot,Deafness_congenital_heart_defects_and_posterior_embryotoxon,Alagille_syndrome_1
83715	Deafness_without_vestibular_involvement_autosomal_dominant
2707	Deafness_autosomal_recessive,Erythrokeratodermia_variabilis,Deafness_autosomal_dominant_2b,Deafness_digenic_GJB2/GJB3
3998	Combined_deficiency_of_factor_V_and_factor_VIII_1
123872	Ciliary_dyskinesia_primary_13
7431	Cataract_nuclear_diffuse_nonprogressive
64421	Histiocytic_medullary_reticulosis,Severe_combined_immunodeficiency_athabascan-type,Severe_combined_immunodeficiency_with_sensitivity_to_ionizing_radiation
1605	Limb-girdle_muscular_dystrophy-dystroglycanopathy_type_C9
6442	Limb-girdle_muscular_dystrophy_type_2D
26090	Polyneuropathy_hearing_loss_ataxia_retinitis_pigmentosa_and_cataract
4023	Hyperlipidemia_familial_combined,Hyperlipoproteinemia_type_I,LIPOPROTEIN_LIPASE_(OLBIA)
4089	JP_and_JP/HHT,Juvenile_polyposis_syndrome,Jp/hht,JP_JP/HHT_and_HHT,Juvenile_polyposis/hereditary_hemorrhagic_telangiectasia_syndrome
9051	Pyogenic_arthritis_pyoderma_gangrenosum_and_acne
7276	AMYLOIDOSIS_HEREDITARY_TRANSTHYRETIN-RELATED_MODIFIER_OF,Carpal_tunnel_syndrome_familial,Amyloid_Cardiomyopathy_Transthyretin-related,Dystransthyretinemic_euthyroidal_hyperthyroxinemia,AMYLOIDOSIS_LEPTOMENINGEAL_TRANSTHYRETIN-RELATED,Amyloidogenic_transthyretin_amyloidosis
729238	Idiopathic_fibrosing_alveolitis_chronic_form
9049	Pituitary_dependent_hypercortisolism,Prolactinoma_familial,Somatotroph_adenoma,Pituitary_adenoma_predisposition
8323	Nail_disorder_nonsyndromic_congenital_10
51004	Coenzyme_Q10_deficiency_primary_6
9368	Nephrolithiasis/osteoporosis_hypophosphatemic_2
6521	Renal_tubular_acidosis_autosomal_dominant,Renal_tubular_acidosis_distal_with_hemolytic_anemia,Renal_tubular_acidosis_distal_with_normal_red_cell_morphology,SWANN_BLOOD_GROUP_ANTIGEN,Spherocytosis_type_4,DIEGO_BLOOD_GROUP_ANTIGEN,Acanthocytosis_due_to_band_3_ht,BLOOD_GROUP--WRIGHT_ANTIGEN,BLOOD_GROUP--FROESE,BLOOD_GROUP--WALDNER_TYPE,Band_3_memphis,Renal_tubular_acidosis_distal_autosomal_dominant
6005	Rh-mod_syndrome,Rh-null_hemolytic_anemia_regulator_type
1373	Congenital_hyperammonemia_type_I
1302	Stickler_syndrome_type_3,Deafness_autosomal_recessive_53,Otospondylomegaepiphyseal_dysplasia,Deafness_autosomal_dominant_13,Weissenbacher-Zweymuller_syndrome_autosomal_recessive,Otospondylomegaepiphyseal_dysplasia_heterozygous,Weissenbacher-Zweymuller_syndrome
7852	Myelokathexis_isolated,Warts_hypogammaglobulinemia_infections_and_myelokathexis
7535	Severe_combined_immunodeficiency_atypical,Cd8_deficiency_familial
2304	Hypothyroidism_thyroidal_with_spiky_hair_and_cleft_palate,Bamforth_syndrome
23095	Charcot-Marie-Tooth_disease_type_2A1,Pheochromocytoma
63891	Limb-girdle_muscular_dystrophy-dystroglycanopathy_type_C14
4990	Cataract_microphthalmia_and_nystagmus
3827	Kininogen_deficiency_total
404672	Trichothiodystrophy_complementation_group_a
2639	Glutaric_aciduria_type_1
3868	Pachyonychia_congenita_type_1,Pachyonychia_congenita_tarda_type_1,Palmoplantar_keratoderma_nonepidermolytic_focal
1836	Multiple_epiphyseal_dysplasia_4,Diastrophic_dysplasia,Achondrogenesis_type_IB,De_la_chapelle_dysplasia,Diastrophic_dysplasia_broad_bone-platyspondylic_variant,Atelosteogenesis_type_2
54332	Charcot-Marie-Tooth_disease_recessive_intermediate_A,Charcot-Marie-Tooth_disease_axonal_with_vocal_cord_paresis_autosomal_recessive,Charcot-Marie-Tooth_disease_type_4A,Neuropathy_axonal_with_vocal_cord_paresis_autosomal_recessive,Charcot-Marie-Tooth_disease_demyelinating_autosomal_recessive_type_4a,Charcot-Marie-Tooth_disease_type_2K
8022	Pituitary_hormone_deficiency_combined_3
1184	Proteinuria_low_molecular_weight_with_hypercalciuria_and_nephrocalcinosis,Dent_disease_1,NEPHROLITHIASIS_X-LINKED_RECESSIVE,X-linked_recessive_hypophosphatemic_rickets
162514	Palmoplantar_keratoderma_mutilating_with_periorificial_keratotic_plaques
5994	Bare_Lymphocyte_Syndrome_Type_II_Complementation_Group_D
85366	Cardiomyopathy_hypertrophic_midventricular_digenic
3728	Arrhythmogenic_right_ventricular_cardiomyopathy_type_12,Naxos_disease
64170	Candidiasis_familial_2
56172	Chondrocalcinosis_2,Craniometaphyseal_dysplasia_autosomal_dominant
65217	Usher_syndrome_type_1F,Retinitis_pigmentosa-deafness_syndrome,Deafness_autosomal_recessive_23,Usher_syndrome_type_1G,Hereditary_hearing_loss_and_deafness
5663	Alzheimer_disease_familial_with_spastic_paraparesis_and_unusual_plaques,Cardiomyopathy_dilated_1u,Alzheimer_disease_familial_3_with_unusual_plaques,Alzheimer_disease_type_3,Frontotemporal_dementia,Alzheimer_disease_familial_3_with_spastic_paraparesis_and_apraxia,Alzheimer_disease_type_4,Pick's_disease
10483	Congenital_dyserythropoietic_anemia_type_II
2010	Emery-Dreifuss_muscular_dystrophy_X-linked
3425	Mucopolysaccharidosis_MPS-I-H/S,Hurler_syndrome,Mucopolysaccharidosis_MPS-I-S,Idua_pseudodeficiency
5376	Dejerine-Sottas_syndrome_autosomal_dominant,Charcot-Marie-Tooth_disease_type_IE,Charcot-Marie-Tooth_disease_type_IA,Hereditary_liability_to_pressure_palsies,Autosomal_recessive_Dejerine-Sottas_syndrome,Charcot-Marie-Tooth_disease_type_2E,Charcot-Marie-Tooth_disease_type_1a_with_focally_folded_myelin_sheaths,Charcot-Marie-Tooth_disease_type_1a_autosomal_recessive
50940	Pigmented_nodular_adrenocortical_disease_primary_2
2821	Hemolytic_anemia_nonspherocytic_and_neurologic_deficits_due_to_glucose_phosphate_isomerase_deficiency,Hemolytic_anemia_nonspherocytic_due_to_glucose_phosphate_isomerase_deficiency
1717	Smith-Lemli-Opitz_syndrome,Smith-lemli-opitz_syndrome_mild
2176	Fanconi_anemia_complementation_group_C
6768	Ichthyosis_with_hypotrichosis_autosomal_recessive
10397	Charcot-Marie-Tooth_disease_type_4D
7067	Hypothyroidism_congenital_nongoitrous_6
91252	Spondylocheirodysplasia_Ehlers-Danlos_syndrome-like
3052	Microphthalmia_syndromic_7,Microphthalmia_syndromic_7
2317	FLNB-Related_Disorders,Spondylocarpotarsal_synostosis_syndrome,Atelosteogenesis_type_3,Larsen_syndrome,Boomerang_dysplasia,Larsen_syndrome_dominant_type,Atelosteogenesis_type_1
3815	Mastocytosis_sporadic_childhood-onset,Mastocytosis_adult_sporadic,Gastrointestinal_stromal_tumor_familial,Partial_albinism,Piebaldism_with_sensorineural_deafness,Mastocytosis_with_associated_hematologic_disorder,Mast_cell_leukemia,Mast_cell_disease_systemic,Leukemia_acute_myeloid
1311	Pseudoachondroplasia_severe,Epiphyseal_dysplasia_multiple_1_severe,Epiphyseal_dysplasia_multiple_1_mild,Pseudoachondroaplasia,Multiple_epiphyseal_dysplasia_1,Pseudoachondroplastic_spondyloepiphyseal_dysplasia_syndrome
1277	Osteopenic_nonfracture_syndrome,Osteogenesis_imperfecta_with_normal_sclerae_dominant_form,OSTEOGENESIS_IMPERFECTA_TYPE_II_THIN-BONE_TYPE,Osteogenesis_imperfecta_type_1_mild,Ehlers-Danlos_syndrome_type_1,Infantile_cortical_hyperostosis,Osteogenesis_imperfecta_type_III,Osteogenesis_imperfecta_recessive_perinatal_lethal,OSTEOGENESIS_IMPERFECTA_TYPE_IIC,Osteogenesis_imperfecta_type_I,Osteogenesis_imperfecta,Oi/eds_combined_syndrome,OSTEOGENESIS_IMPERFECTA_TYPE_III/IV,Prenatal_cortical_hyperostosis_lethal
23314	Cleft_palate_isolated_and_mental_retardation
9365	Tumoral_calcinosis_hyperphosphatemic
3630	Insulin_wakayama,Diabetes_mellitus_insulin-dependent_2,Neonatal_diabetes_mellitus,Proinsulin_providence,Insulin_los_angeles,Diabetes_mellitus_with_hyperinsulinemia,Proinsulin_kyoto,Maturity-onset_diabetes_of_the_young_type_10,Hyperproinsulinemia_familial,Permanent_neonatal_diabetes_mellitus
6622	Parkinson_disease_1_autosomal_dominant,Lewy_body_dementia
5889	Fanconi_anemia_complementation_group_O
6718	Bile_acid_synthesis_defect_congenital_2
51114	Mental_retardation_X-linked_syndromic_raymond_type
2074	Cockayne_syndrome_type_B,Cerebro-oculo-facio-skeletal_syndrome,De_Sanctis-Cacchione_syndrome
2539	ANEMIA_NONSEPHEROCYTIC_HEMOLYTIC_DUE_TO_G6PD_DEFICIENCY,G6pd_a-,Chronic_granuloma_and_hemolytic_anemia,G6PD_NILGIRI,Anemia_nonspherocytic_hemolytic_due_to_g6pd_deficiency
9215	Congenital_muscular_dystrophy-dystroglycanopathy_with_mental_retardation_type_B6,Congenital_muscular_dystrophy-dystroglycanopathy_with_brain_and_eye_anomalies_type_A6
2779	Congenital_stationary_night_blindness_autosomal_dominant_3
5573	Carney_complex_type_1
1756	Cardiomyopathy_dilated_3b,Duchenne_muscular_dystrophy,Intermediate_muscular_dystrophy,Duchenne_muscular_dystrophy_mental_retardation_and_absence_of_erg_b-wave,Becker_muscular_dystrophy
1636	Angiotensin_i-converting_enzyme_benign_serum_increase,Renal_dysplasia
4069	Familial_visceral_amyloidosis_Ostertag_type
29954	Congenital_muscular_dystrophy-dystroglycanopathy_with_brain_and_eye_anomalies_type_A2,Congenital_muscular_dystrophy-dystroglycanopathy_with_mental_retardation_type_B2,Limb-girdle_muscular_dystrophy-dystroglycanopathy_type_C2
338	Hypobetalipoproteinemia_normotriglyceridemic,Hypercholesterolemia_autosomal_dominant_type_B,Hypobetalipoproteinemia_familial_associated_with_apob32,Familial_hypercholesterolemia
10682	CHONDRODYSPLASIA_PUNCTATA_2_X-LINKED_DOMINANT_ATYPICAL,Chondrodysplasia_punctata_2_X-linked_dominant
79659	Short_rib-polydactyly_syndrome_Majewski_type,Type_III_short_rib_polydactyly_syndrome,Asphyxiating_thoracic_dystrophy_3
2956	Lynch_syndrome,Colon_cancer_hereditary_nonpolyposis_type_5
219931	Skin/hair/eye_pigmentation_variation_in_10
8625	BARE_LYMPHOCYTE_SYNDROME_TYPE_II_COMPLEMENTATION_GROUP_B
269	PERSISTENT_MULLERIAN_DUCT_SYNDROME_TYPE_II
8425	Cutis_laxa_with_severe_pulmonary_gastrointestinal_and_urinary_abnormalities
7015	Aplastic_anemia,Dyskeratosis_congenita_autosomal_recessive,Idiopathic_fibrosing_alveolitis_chronic_form,Dyskeratosis_congenita_autosomal_dominant_2,Dyskeratosis_congenita_autosomal_recessive_4,Dyskeratosis_congenita_autosomal_dominant,PULMONARY_FIBROSIS_AND/OR_BONE_MARROW_FAILURE_TELOMERE-RELATED_1
57017	Coenzyme_Q10_deficiency_primary_5
4538	Juvenile_myopathy_encephalopathy_lactic_acidosis_AND_stroke,Parkinson_disease_6_modifier_of,Leber's_optic_atrophy,Mitochondrial_complex_I_deficiency,Leber_hereditary_optic_neuropathy_with_dystonia
10715	Tetralogy_of_Fallot,Transposition_of_great_arteries_dextro-looped_3,Bilateral_right-sidedness_sequence,Double_outlet_right_ventricle
4535	Juvenile_myopathy_encephalopathy_lactic_acidosis_AND_stroke,Sudden_infant_death_syndrome,Parkinson's_disease,Leber_hereditary_optic_neuropathy_with_dystonia,Dystonia_adult-onset,Alzheimer's_disease,Leber's_optic_atrophy,Colorectal_cancer,Mitochondrial_complex_I_deficiency
23562	Deafness_autosomal_recessive_29
1188	Bartter_syndrome_type_3,Bartter_syndrome_type_3_with_hypocalciuria
1280	Kniest_dysplasia,Osteoarthritis_with_mild_spondyloepiphyseal_dysplasia,Vitreoretinopathy_with_phalangeal_epiphyseal_dysplasia,Achondrogenesis_type_2,STICKLER_SYNDROME_TYPE_I_NONSYNDROMIC_OCULAR,Spondyloperipheral_dysplasia,Stickler_syndrome_type_1,Platyspondylic_lethal_skeletal_dysplasia_Torrance_type,Epiphyseal_dysplasia_multiple_with_myopia_and_conductive_deafness,Osteoarthritis_with_mild_chondrodysplasia,Rhegmatogenous_retinal_detachment_autosomal_dominant,Czech_dysplasia_metatarsal_type,Hypochondrogenesis,Spondyloepiphyseal_dysplasia_congenita,Spondyloepimetaphyseal_dysplasia_Strudwick_type,Coxa_plana,Avascular_necrosis_of_the_femoral_head_primary
6935	Corneal_dystrophy_fuchs_endothelial_6
4322	Metaphyseal_anadysplasia_1_autosomal_recessive,Spondyloepimetaphyseal_dysplasia_missouri_type,Metaphyseal_anadysplasia_1_autosomal_dominant
8565	Charcot-Marie-Tooth_disease_dominant_intermediate_C
7428	Von_Hippel-Lindau,Renal_cell_carcinoma_with_paraneoplastic_erythrocytosis,Hemangioblastoma_sporadic_cerebellar,Erythrocytosis_familial_2,Pheochromocytoma,Von_Hippel-Lindau_syndrome
3077	Hemochromatosis_juvenile_digenic,Hereditary_hemochromatosis
2934	Meretoja_syndrome,Amyloidosis_familial_finnish_type
6607	Spinal_muscular_atrophy_modifier_of
378884	Epilepsy_progressive_myoclonic_2b
771	Hyperchlorhidrosis_isolated
53904	Deafness_autosomal_recessive_30
401	Fibrosis_of_extraocular_muscles_congenital_2
5697	Hyperammonemia_type_III
6495	Melnick-Fraser_syndrome,Branchiootic_syndrome_3,Deafness_autosomal_dominant_23
915	Immunodeficiency_due_to_defect_in_CD3-gamma,Severe_combined_immunodeficiency_autosomal_recessive_T_cell-negative_B_cell-positive_NK_cell-positive
1586	Isolated_1720-lyase_deficiency,Combined_partial_17-alpha-hydroxylase/1720-lyase_deficiency,Complete_combined_17-alpha-hydroxylase/1720-lyase_deficiency
9114	Leanness_inherited
51314	Ciliary_dyskinesia_primary_6
3861	Epidermolysis_bullosa_simplex_Cockayne-Touraine_type,Epidermolysis_bullosa_simplex_autosomal_recessive,Epidermolysis_bullosa_herpetiformis_Dowling-Meara,Dermatopathia_pigmentosa_reticularis,Epidermolysis_bullosa_simplex_Koebner_type
3561	X-linked_severe_combined_immunodeficiency,Combined_immunodeficiency_X-linked
9672	Obesity_association_with
3981	Multiple_myeloma_resistance_to,Lig4_syndrome
79001	Vitamin_k-dependent_clotting_factors_combined_deficiency_of_2,Warfarin_response
8195	Bardet-Biedl_syndrome,McKusick_Kaufman_syndrome,Bardet-Biedl_syndrome_1_modifier_of,Bardet-Biedl_syndrome_6
64221	Gaze_palsy_familial_horizontal_with_progressive_scoliosis
3643	Diabetes_mellitus_type_2,Pineal_hyperplasia_AND_diabetes_mellitus_syndrome,Hyperinsulinemic_hypoglycemia_familial_5,Insulin-resistant_diabetes_mellitus_AND_acanthosis_nigricans,Leprechaunism_syndrome,Diabetes_mellitus_insulin-resistant,Insulin_resistance
347733	Polymicrogyria_asymmetric
6329	Paramyotonia_congenita/hyperkalemic_periodic_paralysis,Familial_hyperkalemic_periodic_paralysis,Normokalemic_periodic_paralysis_potassium-sensitive,Potassium_aggravated_myotonia,Paramyotonia_congenita,Hypokalemic_periodic_paralysis_1,Paramyotonia_congenita/myotonia_congenita,Hyperkalemic_Periodic_Paralysis_Type_1,Hypokalemic_periodic_paralysis_type_2,Congenital_myasthenic_syndrome_acetazolamide-responsive,Myotonia_congenita_atypical_acetazolamide-responsive
3718	Severe_combined_immunodeficiency_autosomal_recessive_T_cell-negative_B_cell-positive_NK_cell-negative
3236	Vertical_talus_congenital,Charcot-Marie-Tooth_disease_foot_deformity_of
7148	Ehlers-Danlos_syndrome_type_3,21-hydroxylase_deficiency
2132	Hereditary_multiple_exostoses_type_II
65055	Spastic_paraplegia_31_autosomal_dominant
84733	46XY_sex_reversal_type_5
1889	Hirschsprung_disease_cardiac_defects_and_autonomic_dysfunction
2697	Hypoplastic_left_heart_syndrome,Oculodentodigital_dysplasia_autosomal_recessive,Atrioventricular_septal_defect_and_common_atrioventricular_junction,Syndactyly_type_3,Oculodentodigital_dysplasia
3299	Cataract_zonular
1524	Coronary_artery_disease_resistance_to
1287	Alport_syndrome_X-linked_recessive
7153	DNA_TOPOISOMERASE_II_RESISTANCE_TO_INHIBITION_OF_BY_AMSACRINE
2261	Ladd_syndrome,Thanatophoric_dysplasia_type_2,Beare-Stevenson_syndrome-like_anomalies,Camptodactyly_tall_stature_and_hearing_loss_syndrome,Skeletal_dysplasia_with_acanthosis_nigricans,Hypochondroplasia,Achondroplasia,Thanatophoric_dysplasia_type_1,Saethre-Chotzen_syndrome,Achondroplasia_severe_with_developmental_delay_and_acanthosis_nigricans,Muenke_syndrome,Crouzon_syndrome_with_acanthosis_nigricans
6324	Atrial_fibrillation_familial_13,Generalized_epilepsy_with_febrile_seizures_plus,Generalized_epilepsy_with_febrile_seizures_plus_type_1,Brugada_syndrome_5,Cardiac_conduction_defect_nonspecific
59	Moyamoya_disease_5,Aortic_aneurysm_familial_thoracic_6
259236	Deafness_autosomal_recessive_6
6103	RETINITIS_PIGMENTOSA_X-LINKED_AND_SINORESPIRATORY_INFECTIONS_WITH_DEAFNESS,Cone-rod_dystrophy_X-linked_1,Retinitis_pigmentosa_15
7150	Dna_topoisomerase_i_camptothecin-resistant
92579	Dursun_syndrome,Severe_congenital_neutropenia_4_autosomal_recessive
925	Cd8_deficiency_familial
1896	Hypohidrotic_X-linked_ectodermal_dysplasia,Hypohidrotic_ectodermal_dysplasia,Tooth_agenesis_selective_X-linked_1
9533	Mandibulofacial_dysostosis_Treacher_Collins_type_autosomal_recessive
8985	Bone_fragility_with_contractures_arterial_rupture_and_deafness
95681	Joubert_syndrome_12/15_digenic
4143	Methionine_adenosyltransferase_deficiency_autosomal_dominant,Methionine_adenosyltransferase_deficiency_autosomal_recessive
3816	Kallikrein_decreased_urinary_activity_of
1674	Myofibrillar_myopathy_1,Dilated_cardiomyopathy_1I,Primary_dilated_cardiomyopathy,Scapuloperoneal_syndrome_neurogenic_Kaeser_type
5837	Glycogen_storage_disease_type_V
27249	Homocystinuria_cblD_type_variant_1,Methylmalonic_aciduria_cblD_type_variant_2,Methylmalonic_acidemia_with_homocystinuria_cblD
7827	Nephrotic_syndrome_idiopathic_steroid-resistant
55651	Dyskeratosis_congenita_autosomal_recessive,Dyskeratosis_congenita_autosomal_recessive_2
767	Cerebellar_ataxia_mental_retardation_and_dysequilibrium_syndrome_3
4338	Molybdenum_cofactor_deficiency_complementation_group_B
9531	Myofibrillar_myopathy_BAG3-related
7253	Hyperthyroidism_familial_gestational,Hyperthyroidism_nonautoimmune,Hypothyroidism_congenital_nongoitrous_1,Thyroid_carcinoma_with_thyrotoxicosis
7100	Systemic_lupus_erythematosus_resistance_to_1
9420	Spastic_paraplegia_5A,Bile_acid_synthesis_defect_congenital_3
222546	Pancreatic_hypoplasia_intestinal_atresia_and_gallbladder_aplasia_or_hypoplasia_with_or_without_tracheoesophageal_fistula
8905	Mental_retardation_X-linked_syndromic_fried_type
51196	Nephrotic_syndrome_type_3
84545	Autosomal_dominant_progressive_external_ophthalmoplegia_with_mitochondrial_DNA_deletions_3,Mitochondrial_DNA_depletion_syndrome_7_(hepatocerebral_type),Sensory_ataxic_neuropathy_dysarthria_and_ophthalmoparesis,PROGRESSIVE_EXTERNAL_OPHTHALMOPLEGIA_WITH_MITOCHONDRIAL_DNA_DELETIONS_DIGENIC
3785	Seizures_benign_familial_neonatal_1_and/or_myokymia,Benign_familial_neonatal_seizures_1,Early_infantile_epileptic_encephalopathy_7
63894	Arthrogryposis_renal_dysfunction_and_cholestasis_2
5269	Deafness_autosomal_recessive_91
7473	Tetraamelia_autosomal_recessive
3795	Fructosuria_essential
9381	Deafness_autosomal_recessive_9,Auditory_neuropathy_autosomal_recessive_1,Hereditary_hearing_loss_and_deafness
51067	Myopathy_lactic_acidosis_and_sideroblastic_anemia_2
9414	Hypercholanemia_familial
2799	Mucopolysaccharidosis_MPS-III-D
2324	Lymphedema_hereditary_i,Hereditary_lymphedema_type_I
6439	Surfactant_metabolism_dysfunction_pulmonary_1
348	Dysbetalipoproteinemia_due_to_apoe2,APOE4(+),APOE4(-)-FREIBURG,APOE3_VARIANT,ALZHEIMER_DISEASE_2_DUE_TO_APOE4_ISOFORM,Lipoprotein_glomerulopathy,Hyperlipoproteinemia,APOE4_VARIANT,APOE2_ISOFORMS,APOE2_VARIANT,Familial_type_3_hyperlipoproteinemia,APOE_SENDAI,Apolipoproteinemia_E1,APOE3(-)-FREIBURG,APOE3-WASHINGTON,APOE3(-)-KOCHI,APOE_KYOTO,APOE2-DUNEDIN,HYPERCHOLESTEROLEMIA_AND_HYPERTRIGLYCERIDEMIA_TYPE_III
8635	Leukoencephalopathy_cystic_without_megalencephaly
1308	Epidermolysis_bullosa_junctional_localisata_variant,Adult_junctional_epidermolysis_bullosa
63976	CARDIOMYOPATHY_DILATED_1LL
6262	Catecholaminergic_polymorphic_ventricular_tachycardia,Arrhythmogenic_right_ventricular_cardiomyopathy_type_2
3615	Impdh2_enzyme_activity_variation_in
138050	Mucopolysaccharidosis_MPS-III-C
9517	NEUROPATHY_HEREDITARY_SENSORY_AND_AUTONOMIC_TYPE_IC_SEVERE,NEUROPATHY_HEREDITARY_SENSORY_TYPE_IC
100652770	Arrhythmogenic_right_ventricular_cardiomyopathy_type_10
950	Epilepsy_progressive_myoclonic_4_with_or_without_renal_failure
5053	Mild_non-PKU_hyperphenylalanemia,Phenylketonuria,Hyperphenylalaninemia_non-pku
120227	Vitamin_d_hydroxylation-deficient_rickets_type_1b
8291	Miyoshi_myopathy,Myopathy_distal_with_anterior_tibial_onset,Limb-girdle_muscular_dystrophy_type_2B
3073	Tay-sachs_disease_juvenile,Beta-hexosaminidase_a_pseudodeficiency_of,Gm2-gangliosidosis_adult,Gm2-gangliosidosis_late_onset,HEXA_Czechoslovakian_allele,Gm2-gangliosidosis_adult-onset,Gm2-gangliosidosis_subacute,Hexa_dn_allele,Tay-sachs_disease_b1_variant,Tay-Sachs_disease,Gm2-gangliosidosis_chronic,Gm2-gangliosidosis_b1_variant,Gm2-gangliosidosis_juvenile
6197	Coffin-Lowry_syndrome,Mental_retardation_X-linked_19
778	Congenital_stationary_night_blindness_type_2A_severe,Congenital_stationary_night_blindness_type_2A
9060	Spondyloepimetaphyseal_dysplasia_pakistani_type
5318	Arrhythmogenic_right_ventricular_cardiomyopathy,Arrhythmogenic_right_ventricular_cardiomyopathy_type_9
4627	Sebastian_syndrome,MYH9_related_disorders,May-Hegglin_anomaly,Epstein_syndrome,Fechtner_syndrome,Deafness_autosomal_dominant_nonsyndromic_sensorineural_17,Macrothrombocytopenia_and_progressive_sensorineural_deafness
2811	Bernard-Soulier_syndrome_type_A1,Bernard-Soulier_syndrome_type_A2_autosomal_dominant,Pseudo_von_Willebrand_disease
3045	delta_Thalassemia,Delta-plus-thalassemia,Delta-0-thalassemia,Delta-zero-thalassemia_knossos_type,Hbb/hbd_anti-lepore
4901	Retinitis_pigmentosa_27,Retinal_degeneration_autosomal_recessive_clumped_pigment_type
1536	Chronic_granulomatous_disease_X-linked,Atypical_mycobacteriosis_familial_X-linked_2,Granulomatous_disease_chronic_X-linked_variant
23224	Emery-dreifuss_muscular_dystrophy_5_autosomal_dominant
2995	BLOOD_GROUP--WEBB_ANTIGEN_WB,Glycophorin_d_webb_variant,DH_BLOOD_GROUP,Glycophorin_d_duch_variant
5624	Thrombophilia_hereditary_due_to_protein_C_deficiency_autosomal_recessive,Thrombophilia_hereditary_due_to_protein_C_deficiency_autosomal_dominant
2521	Tremor_hereditary_essential_4,Amyotrophic_lateral_sclerosis_6_autosomal_recessive,Amyotrophic_lateral_sclerosis_type_6
389207	Deafness_autosomal_recessive_25
6473	Short_stature_idiopathic_X-linked,Langer_mesomelic_dysplasia_syndrome,Leri_Weill_dyschondrosteosis
7508	Xeroderma_pigmentosum_group_C
5456	Deafness_X-linked_2,Hereditary_hearing_loss_and_deafness
567	Hypoproteinemia_hypercatabolic
100	Partial_adenosine_deaminase_deficiency,SCID_due_to_ADA_deficiency_delayed_onset,Severe_combined_immunodeficiency_due_to_ADA_deficiency,Adenosine_deaminase_2_allozyme,Severe_combined_immunodeficiency_autosomal_recessive_T_cell-negative_B_cell-negative_NK_cell-negative_due_to_adenosine_deaminase_deficiency
1075	Haim-Munk_syndrome,Periodontitis_aggressive_1,Papillon-Lefèvre_syndrome
4646	Deafness_autosomal_dominant_22,Sensorineural_deafness_with_hypertrophic_cardiomyopathy,Deafness_autosomal_recessive_37
6443	Limb-girdle_muscular_dystrophy_type_2E
759	Carbonic_anhydrase_i_deficiency,Carbonic_anhydrase_i_guam
5264	Refsum_disease_adult_1
2591	Tumoral_calcinosis_familial_hyperphosphatemic
3575	Severe_combined_immunodeficiency_disease,Severe_combined_immunodeficiency_autosomal_recessive_T_cell-negative_B_cell-positive_NK_cell-positive
5230	Phosphoglycerate_kinase_1_deficiency_munchen,Phosphoglycerate_kinase_1_deficiency_murcia,Phosphoglycerate_kinase_1_deficiency_shizuoka,Phosphoglycerate_kinase_1_deficiency_uppsala,Phosphoglycerate_kinase_1_deficiency_hamamatsu,Phosphoglycerate_kinase_1_deficiency_afula,Phosphoglycerate_kinase_1_deficiency_amiens,Phosphoglycerate_kinase_1_deficiency_michigan,Phosphoglycerate_kinase_1_deficiency_barcelona,Phosphoglycerate_kinase_1_deficiency_matsue,Phosphoglycerate_kinase_1_deficiency_herlev
10128	Leigh_syndrome_French_Canadian_type
2244	Hypofibrinogenemia_congenital,Afibrinogenemia_congenital,Thrombophilia_dysfibrinogenemic
265	AMELOGENESIS_IMPERFECTA_TYPE_IE
7201	Thyrotropin-releasing_hormone_resistance_generalized
8450	X-linked_mental_retardation_with_short_stature_hypogonadism_and_abnormal_gait
5449	Pituitary_hormone_deficiency_combined_1
445	Citrullinemia_mild,Citrullinemia_type_I
55687	Liver_failure_acute_infantile,Deafness_mitochondrial_modifier_of
50617	Renal_tubular_acidosis_distal_autosomal_recessive_with_late-onset_sensorineural_hearing_loss,Renal_tubular_acidosis_distal_autosomal_recessive
7306	ALBINISM_OCULOCUTANEOUS_TYPE_II_MODIFIER_OF,Oculocutaneous_albinism_type_3
4041	High_bone_mass,Van_Buchem_disease_type_2,Osteoporosis_with_pseudoglioma,Osteopetrosis_autosomal_dominant_type_1,Exudative_vitreoretinopathy_4_digenic,Worth_disease,Exudative_vitreoretinopathy_4_autosomal_recessive,Exudative_vitreoretinopathy_4_autosomal_dominant
672	BRCA1_and_BRCA2_Hereditary_Breast_and_Ovarian_Cancer,Breast-ovarian_cancer_familial_1,Familial_cancer_of_breast
1140	Myasthenic_syndrome_slow-channel_congenital
10133	Glaucoma_1_open_angle_e,Amyotrophic_lateral_sclerosis_type_12
5189	Zellweger_syndrome,Peroxisome_biogenesis_disorders_Zellweger_syndrome_spectrum
3028	Mental_retardation_X-linked_syndromic_10,2-methyl-3-hydroxybutyric_aciduria
79147	Congenital_muscular_dystrophy-dystroglycanopathy_with_brain_and_eye_anomalies_type_A5,Congenital_muscular_dystrophy-dystroglycanopathy_with_mental_retardation_type_B5,Congenital_muscular_dystrophy-dystroglycanopathy_without_mental_retardation_type_B5,Limb-girdle_muscular_dystrophy-dystroglycanopathy_type_C5
5925	Retinoblastoma_trilateral,Retinoblastoma,Woolly_hair_autosomal_recessive_1,WOOLLY_HAIR_AUTOSOMAL_RECESSIVE_1_WITH_OR_WITHOUT_HYPOTRICHOSIS
590	CHE*243M,Bche_quantitative_j_variant,Butyrylcholinesterase_deficiency_fluoride-resistant_japanese_type,Bche_k_variant,BCHE_FLUORIDE-RESISTANT_II,Bche_dibucaine-resistant_i,Deficiency_of_butyrylcholine_esterase,Bche_fluoride_1,Bche_fluoride-resistant_i,CHE*390V,CHE*70G,Bche_fluoride_2,BCHE*70G,Bche_j_variant,BCHE*243M,BCHE*539T,Apnea_postanesthetic_due_to_bche_atypical-1,CHE*539T,BCHE*390V
6853	Epilepsy_X-linked_with_variable_learning_disabilities_and_behavior_disorders
83696	Mental_retardation_autosomal_recessive_13
1690	Deafness_autosomal_dominant_9,Hereditary_hearing_loss_and_deafness
256764	AMELOGENESIS_IMPERFECTA_HYPOMATURATION_TYPE_IIA3
1420	CATARACT_2_COPPOCK-LIKE,Cataract_coppock-like
3845	Lung_cancer_squamous_cell_somatic,CARDIOFACIOCUTANEOUS_SYNDROME_2,Noonan's_syndrome,Cardio-facio-cutaneous_syndrome,Breast_adenocarcinoma_somatic,Pilocytic_astrocytoma_somatic,Noonan_syndrome_3,Non-small_cell_lung_cancer
5244	Cholecystitis,Cholestasis_intrahepatic_of_pregnancy_3,Progressive_familial_intrahepatic_cholestasis_3
6606	Werdnig-Hoffmann_disease,Kugelberg-Welander_disease,Spinal_muscular_atrophy_type_II
1594	Vitamin_D-dependent_rickets_type_1
79728	Fanconi_anemia_complementation_group_N
1548	CYP2A6*11,CYPA6*2,Cyp2a6_v1,Nicotine_poor_metabolism_of,Tegafur_poor_metabolism_of,Warfarin_response
176	Osteochondritis_dissecans,Spondyloepimetaphyseal_dysplasia_Aggrecan_type
3145	Porphyria_acute_intermittent_nonerythroid_variant,Acute_intermittent_porphyria
4053	Microspherophakia,Glaucoma_3_primary_congenital_d,Weill-Marchesani_syndrome_3
153201	Hyperglycinuria,Iminoglycinuria_digenic
65109	X-linked_mental_retardation_syndromic_14
64131	Pseudoxanthoma_elasticum_modifier_of_severity_of
8864	Advanced_sleep_phase_syndrome_familial
1200	Ceroid_lipofuscinosis_neuronal_2
1413	Cataract_lamellar_2
9562	Thyroid_cancer_follicular
2760	Tay-Sachs_disease_variant_AB
843	Autoimmune_lymphoproliferative_syndrome_type_2
1491	Cystathioninuria,Homocysteine_total_plasma_elevated
134430	Glaucoma_1_open_angle_G
91147	Nephronophthisis_11,Joubert_syndrome_6,Meckel_syndrome_type_3,COACH_syndrome,Bardet-Biedl_syndrome_14_modifier_of
8820	Septo-optic_dysplasia_sequence,Growth_hormone_deficiency_with_pituitary_anomalies,Pituitary_hormone_deficiency_combined_5,Septooptic_dysplasia_mild
9247	Hypocalcemia_autosomal_dominant
1371	Harderoporphyria,Coproporphyria,Coproporphyria_digenic
60506	Congenital_stationary_night_blindness_type_1A
2645	Maturity-onset_diabetes_of_the_young_type_2,Hyperinsulinemic_hypoglycemia_familial_3,MATURITY-ONSET_DIABETES_OF_THE_YOUNG_TYPE_II,Diabetes_mellitus_gestational,Permanent_neonatal_diabetes_mellitus,Diabetes_mellitus_noninsulin-dependent_late-onset
3857	Palmoplantar_keratoderma_epidermolytic,Palmoplantar_keratoderma_epidermolytic_with_knuckle_pads
80324	Myopathy_lactic_acidosis_and_sideroblastic_anemia_1
3543	Agammaglobulinemia_2_autosomal_recessive
5429	Xeroderma_pigmentosum_variant_type
201294	Hemophagocytic_lymphohistiocytosis_familial_3
4318	Metaphyseal_anadysplasia_2_autosomal_recessive
9150	Congenital_Cataracts_Facial_Dysmorphism_and_Neuropathy
100506237	Benign_hereditary_chorea,Choreoathetosis_congenital_hypothyroidism_and_neonatal_respiratory_distress
5498	Variegate_porphyria,Variegate_porphyria_homozygous
5265	PI_M1A,'antithrombin'_pittsburgh
81693	Megaloblastic_anemia_1_Norwegian_type
5083	Tooth_agenesis_selective_3
2548	Glycogen_storage_disease_type_II,GLYCOGEN_STORAGE_DISEASE_II_ADULT_FORM,GLYCOGEN_STORAGE_DISEASE_II_INFANTILE_FORM
2693	Short_stature_idiopathic_autosomal
10518	Usher_syndrome_type_1J
730	C7_and_c6_deficiency_combined_subtotal,Complement_component_7_deficiency
16	Charcot-Marie-Tooth_disease_type_2N
1786	NEUROPATHY_HEREDITARY_SENSORY_TYPE_IE
93	Heterotaxy_visceral_4_autosomal
90411	Factor_v_and_factor_viii_combined_deficiency_of_2
3040	Alpha-thalassemia-2_nondeletional,Alpha-thalassemia_dutch_type,alpha_Thalassemia,Alpha-plus-thalassemia,Erythrocytosis
79158	Mucopolysaccharidosis_MPS-III-A,Pseudo-Hurler_polydystrophy,I_cell_disease
347344	Mental_retardation_X-linked_45
3767	DIABETES_MELLITUS_TYPE_II_AUTOSOMAL_DOMINANT,Diabetes_mellitus_permanent_neonatal_with_neurologic_features,Transient_neonatal_diabetes_mellitus_3,Permanent_neonatal_diabetes_mellitus,Islet_cell_hyperplasia
4594	METHYLMALONIC_ACIDURIA_mut(0)_TYPE,METHYLMALONIC_ACIDURIA_mut(-)_TYPE
6007	RHD_WEAK_D_TYPE_I,Rhd_category_d-vii
100130744	Chondrocalcinosis_2,Craniometaphyseal_dysplasia_autosomal_dominant,Chondrocalcinosis_2_sporadic
1080	Sweat_chloride_elevation_without_cystic_fibrosis,Nonclassic_cystic_fibrosis,Bronchiectasis_with_or_without_elevated_sweat_chloride_1_modifier_of,Vas_deferens_congenital_bilateral_absence_of,Cystic_fibrosis
1281	Ehlers-Danlos_syndrome_type_4_variant,Ehlers-Danlos_syndrome_type_3,Ehlers-Danlos_syndrome_type_4
6906	Thyroxine-binding_globulin_chicago,Thyroxine-binding_globulin_deficiency_partial_gary_type,Thyroxine-binding_globulin_deficiency_complete,Thyroxine-binding_globulin_variant_p,Thyroxine-binding_globulin_deficiency_partial_montreal_type,Thyroxine-binding_globulin_gary,Thyroxine-binding_globulin_slow,Thyroxine-binding_globulin_variant_a,Thyroxine-binding_globulin_deficiency_partial_Quebec_type,Thyroxine-binding_globulin_deficiency_partial_japanese_type,Thyroxine-binding_globulin_buffalo,Complete_deficiency_5,Thyroxine-binding_globulin_montreal,Thyroxine-binding_globulin_deficiency_complete_buffalo_type
3675	Interstitial_lung_disease_nephrotic_syndrome_and_epidermolysis_bullosa_congenital
4653	Primary_open_angle_glaucoma_juvenile_onset_1,Glaucoma_1_open_angle_a_autosomal_recessive,Glaucoma_3_primary_congenital_a_digenic,Glaucoma_1_open_angle_a_digenic
3952	Obesity_severe_due_to_leptin_deficiency
24	Retinal_dystrophy_early-onset_severe,Cone-rod_dystrophy_3,Stargardt_disease_1,Stargardt's_disease
8831	Mental_retardation_autosomal_dominant_5
2057	Acute_myeloid_leukemia_M6_type,Familial_erythrocytosis_1
64072	USHER_SYNDROME_TYPE_ID/F_DIGENIC,Retinitis_pigmentosa-deafness_syndrome,Usher_syndrome_type_1D,Deafness_autosomal_recessive_12,Hereditary_hearing_loss_and_deafness
2175	Fanconi_anemia_complementation_group_A
1427	Cataract_membranous
6683	Spastic_paraplegia_4,Spastic_paraplegia_4_modifier_of
101243544	Cockayne_syndrome_type_B,UV-sensitive_syndrome
538	Menkes_kinky-hair_syndrome,Cutis_laxa_X-linked,Distal_spinal_muscular_atrophy_X-linked_3
5897	Histiocytic_medullary_reticulosis,Severe_combined_immunodeficiency_b_cell-negative,Combined_cellular_and_humoral_immune_defects_with_granulomas
5156	Gastrointestinal_stromal_tumor_familial,Hypereosinophilic_syndrome_idiopathic_resistant_to_imatinib
4148	SPONDYLOEPIMETAPHYSEAL_DYSPLASIA_MATN3-RELATED,Spondyloepimetaphyseal_dysplasia_Matrilin-3_related,Multiple_Epiphyseal_Dysplasia_Dominant,Multiple_epiphyseal_dysplasia_5
79188	Arrhythmogenic_right_ventricular_cardiomyopathy,Arrhythmogenic_right_ventricular_cardiomyopathy_type_5
4864	NIEMANN-PICK_DISEASE_TYPE_C1_JUVENILE_FORM,Niemann-Pick_disease_type_C1,Niemann-Pick_disease_type_D,NIEMANN-PICK_DISEASE_TYPE_C1_ADULT_FORM
2892	Mental_retardation_X-linked_syndromic_wu_type
388389	Ciliary_dyskinesia_primary_17
668	Premature_ovarian_failure_3,Blepharophimosis_ptosis_and_epicanthus_inversus,BLEPHAROPHIMOSIS_PTOSIS_AND_EPICANTHUS_INVERSUS_TYPE_II,BLEPHAROPHIMOSIS_PTOSIS_AND_EPICANTHUS_INVERSUS_TYPE_I
4306	Pseudohypoaldosteronism_type_1_autosomal_dominant,Hypertension_early-onset_autosomal_dominant_with_exacerbation_in_pregnancy
6714	Colon_cancer_advanced
2737	GREIG_CEPHALOPOLYSYNDACTYLY_SYNDROME_SEVERE,Greig_cephalopolysyndactyly_syndrome,Pallister-Hall_syndrome,Preaxial_polydactyly_type_4,POSTAXIAL_POLYDACTYLY_TYPE_A1/B
406896	Hypoprebetalipoproteinemia_acanthocytosis_retinitis_pigmentosa_and_pallidal_degeneration
5962	Deafness_autosomal_recessive_24
2672	Neutropenia_nonimmune_chronic_idiopathic_of_adults,Severe_congenital_neutropenia_2_autosomal_dominant
114625	Radin_blood_group,SCIANNA_BLOOD_GROUP_SYSTEM_SC:-12,Antigen_in_Scianna_blood_group_system
6448	Mucopolysaccharidosis_MPS-III-A
3033	Deficiency_of_3-hydroxyacyl-CoA_dehydrogenase,Hyperinsulinemic_hypoglycemia_familial_4
100126793	Obesity_age_at_onset_of
1497	Cystinosis_ocular_nonnephropathic,Cystinosis_atypical_nephropathic,Cystinosis,Juvenile_nephropathic_cystinosis
203260	Metaphyseal_dysplasia_without_hypotrichosis,Metaphyseal_chondrodysplasia_McKusick_type
411	MUCOPOLYSACCHARIDOSIS_TYPE_VI_SEVERE,MUCOPOLYSACCHARIDOSIS_TYPE_VI_INTERMEDIATE,Mucopolysaccharidosis_type_VI,MUCOPOLYSACCHARIDOSIS_TYPE_VI_MILD
254065	Mental_retardation_X-linked_93
10564	Heterotopia_periventricular_autosomal_recessive
1376	Myopathy_variable,CARNITINE_PALMITOYLTRANSFERASE_II_DEFICIENCY_LETHAL_NEONATAL,Carnitine_palmitoyltransferase_II_deficiency_infantile,CARNITINE_PALMITOYLTRANSFERASE_II_DEFICIENCY_LATE-ONSET
140803	Hypomagnesemia_1_intestinal
190	Mineralocorticoid_deficiency_isolated,Congenital_adrenal_hypoplasia_X-linked
5664	Alzheimer_disease_type_4,Cardiomyopathy_dilated_1v
9524	Mental_retardation_autosomal_recessive_14
551	Diabetes_insipidus_neurohypophyseal_autosomal_recessive,Neurohypophyseal_diabetes_insipidus
51062	NEUROPATHY_HEREDITARY_SENSORY_TYPE_ID,Spastic_paraplegia_3
6647	Amyotrophic_lateral_sclerosis_1_autosomal_recessive,Amyotrophic_lateral_sclerosis_type_1
857	Lipodystrophy_congenital_generalized_type_3
54579	Lucey-Driscoll_syndrome,Hyperbilirubinemia_transient_familial_neonatal,Crigler_Najjar_syndrome_type_1,Gilbert's_syndrome,Crigler-Najjar_syndrome_type_II
2896	Primary_progressive_aphasia,Frontotemporal_dementia_ubiquitin-positive,Ceroid_lipofuscinosis_neuronal_11
51010	Pontocerebellar_hypoplasia_type_1b
10861	Mucopolysaccharidosis_MPS-I-H/S,Hurler_syndrome
54809	Tumoral_calcinosis_familial_normophosphatemic
10686	Primary_hypomagnesemia,Hypercalciuria_childhood_self-limiting
2301	Aphakia_congenital_primary
5459	Deafness_autosomal_dominant_15
53630	Hypercarotenemia_and_vitamin_a_deficiency_autosomal_dominant
5993	Bare_lymphocyte_syndrome_type_2_complementation_group_E
3702	Lymphoproliferative_syndrome_ebv-associated_autosomal_1
30062	Microphthalmia_isolated_3
6755	Somatostatin_analog_resistance_to
9992	Long_QT_syndrome_3/6_digenic,Long_QT_syndrome_6,Atrial_fibrillation_familial_4
1137	Epilepsy_nocturnal_frontal_lobe_type_1
121512	Charcot-Marie-Tooth_disease_type_4H
1417	Cataract_congenital_nuclear_autosomal_recessive_2
57107	Coenzyme_Q10_deficiency_primary_3
255239	Dopamine_receptor_d2_reduced_brain_density_of
7317	Arthrogryposis_multiplex_congenita_distal_X-linked
1187	Bartter_syndrome_type_4b
22948	Neuropathy_hereditary_sensory_with_spastic_paraplegia_autosomal_recessive
27089	Mitochondrial_complex_III_deficiency_nuclear_type_4
11155	Dilated_cardiomyopathy_1C,Dilated_cardiomyopathy_with_left_ventricular_noncompaction,Myofibrillar_myopathy_ZASP-related,Primary_dilated_cardiomyopathy,Left_ventricular_noncompaction_3
2671	Myopathy_mitochondrial_progressive_with_congenital_cataract_hearing_loss_and_developmental_delay
113612	Spastic_paraplegia_56_autosomal_recessive
170302	Proud_Levine_Carpenter_syndrome,West_syndrome,X-linked_lissencephaly_2,Hydranencephaly_with_abnormal_genitalia,X-linked_mental_retardation_with_or_without_seizures_ARX-related
55624	Muscle_eye_brain_disease,Limb-girdle_muscular_dystrophy-dystroglycanopathy_type_C3,Congenital_muscular_dystrophy-dystroglycanopathy_with_mental_retardation_type_B3,Congenital_muscular_dystrophy-dystroglycanopathy_with_brain_and_eye_anomalies_type_A3
4352	Thrombocytosis_benign_familial_microcytic,Congenital_amegakaryocytic_thrombocytopenia
1829	Arrhythmogenic_right_ventricular_cardiomyopathy_type_10,Cardiomyopathy
3717	Polycythemia_vera_somatic,Thrombocythemia_3
1629	Intermediate_maple_syrup_urine_disease_type_2,MAPLE_SYRUP_URINE_DISEASE_THIAMINE-RESPONSIVE_TYPE_II,Maple_syrup_urine_disease_type_2
4487	Hypoplastic_enamel-onycholysis-hypohidrosis_syndrome,Tooth_agenesis_selective_with_or_without_orofacial_cleft,Orofacial_cleft_5,Partial_congenital_absence_of_teeth
2729	Gamma-glutamylcysteine_synthetase_deficiency_hemolytic_anemia_due_to
1134	Myasthenic_syndrome_congenital_fast-channel,Myasthenic_syndrome_slow-channel_congenital,Lethal_multiple_pterygium_syndrome
3853	Pachyonychia_congenita_type_1
2488	Follicle-stimulating_hormone_deficiency_isolated
55605	Fibrosis_of_extraocular_muscles_congenital_3b,Fibrosis_of_extraocular_muscles_congenital_1
256297	Diabetes_mellitus_permanent_neonatal_with_cerebellar_agenesis
